"module","package","file","class","method","start_line","approximate_lines","kind","declared_modifiers","branch_nodes","screening_depth","exceeds_20","duplicate_candidate_group","actionable_finding","disposition"
"root (nonstandard sources)","(default)","build-support/ci/AwsInfrastructureContractTest.java","AwsInfrastructureContractTest","main(String[])","9","44","main","[public, static]","1","1","True",,"","Screening only: length/depth/copy is not a refactoring mandate"
"root (nonstandard sources)","(default)","build-support/ci/ChangeImpact.java","ChangeImpact","classify(List<Change>, Path)","49","76","main","[static]","1","1","True",,"","Screening only: length/depth/copy is not a refactoring mandate"
"root (nonstandard sources)","(default)","build-support/ci/ChangeImpact.java","ChangeImpact","parseNameStatus(byte[])","145","27","main","[static]","6","3","True",,"","Screening only: length/depth/copy is not a refactoring mandate"
"root (nonstandard sources)","(default)","build-support/ci/ChangeImpact.java","ChangeImpact","main(String[])","225","30","main","[public, static]","3","2","True",,"","Screening only: length/depth/copy is not a refactoring mandate"
"root (nonstandard sources)","(default)","build-support/ci/ChangeImpactTest.java","ChangeImpactTest","main(String[])","11","26","main","[public, static]","3","2","True",,"","Screening only: length/depth/copy is not a refactoring mandate"
"root (nonstandard sources)","(default)","build-support/ci/ChangeImpactTest.java","ChangeImpactTest","changes(String)","38","16","main","[private, static]","3","3","False",,"","Screening only: length/depth/copy is not a refactoring mandate"
"root (nonstandard sources)","(default)","build-support/ci/ContainerSupplyChainContractTest.java","ContainerSupplyChainContractTest","main(String[])","12","131","main","[public, static]","1","1","True",,"","Screening only: length/depth/copy is not a refactoring mandate"
"root (nonstandard sources)","(default)","build-support/ci/GitleaksContractTest.java","GitleaksContractTest","main(String[])","8","31","main","[public, static]","0","0","True",,"","Screening only: length/depth/copy is not a refactoring mandate"
"root (nonstandard sources)","(default)","build-support/ci/ImagePolicy.java","ImagePolicy","evaluate(String)","31","68","main","[static]","12","2","True",,"KISS-001","Selected: see report scope and preservation checks"
"root (nonstandard sources)","(default)","build-support/ci/ImagePolicy.java","ImagePolicy","evaluateFinding(Map<String, String>, int, Map<Plane, List<String>>, List<String>)","100","36","main","[private, static]","10","2","True",,"","Screening only: length/depth/copy is not a refactoring mandate"
"root (nonstandard sources)","(default)","build-support/ci/ImagePolicy.java","ImagePolicy","structured(Decision)","201","20","main","[static]","7","3","False",,"","Screening only: length/depth/copy is not a refactoring mandate"
"root (nonstandard sources)","(default)","build-support/ci/ImagePolicyTest.java","ImagePolicyTest","main(String[])","9","21","main","[public, static]","4","1","True",,"","Screening only: length/depth/copy is not a refactoring mandate"
"root (nonstandard sources)","(default)","build-support/ci/KindDeploymentContractTest.java","KindDeploymentContractTest","main(String[])","12","114","main","[public, static]","0","0","True",,"","Screening only: length/depth/copy is not a refactoring mandate"
"root (nonstandard sources)","(default)","build-support/ci/KindDeploymentContractTest.java","KindDeploymentContractTest","rejectTrackedSecretManifests()","147","14","main","[private, static]","3","3","False",,"","Screening only: length/depth/copy is not a refactoring mandate"
"root (nonstandard sources)","(default)","build-support/ci/McpKindDeploymentContractTest.java","McpKindDeploymentContractTest","main(String[])","11","38","main","[public, static]","0","0","True",,"","Screening only: length/depth/copy is not a refactoring mandate"
"root (nonstandard sources)","(default)","build-support/ci/ReferencePipelineContractTest.java","ReferencePipelineContractTest","main(String[])","28","34","main","[public, static]","1","1","True",,"","Screening only: length/depth/copy is not a refactoring mandate"
"root (nonstandard sources)","(default)","build-support/ci/ReferencePipelineContractTest.java","ReferencePipelineContractTest","requireBalanced(String, char, char, String)","75","13","main","[private, static]","4","3","False",,"","Screening only: length/depth/copy is not a refactoring mandate"
"root (nonstandard sources)","(default)","build-support/ci/SmokeReportCheck.java","SmokeReportCheck","verify(Path)","17","33","main","[static]","2","1","True",,"","Screening only: length/depth/copy is not a refactoring mandate"
"root (nonstandard sources)","(default)","build-support/ci/Ver120002QualificationContractTest.java","Ver120002QualificationContractTest","main(String[])","11","23","main","[public, static]","0","0","True",,"","Screening only: length/depth/copy is not a refactoring mandate"
"root (nonstandard sources)","(default)","build-support/ci/VerificationMatrixContractTest.java","VerificationMatrixContractTest","main(String[])","9","49","main","[public, static]","1","1","True",,"","Screening only: length/depth/copy is not a refactoring mandate"
"root (nonstandard sources)","(default)","build-support/ci/WorkflowContractTest.java","WorkflowContractTest","main(String[])","9","132","main","[public, static]","1","1","True",,"","Screening only: length/depth/copy is not a refactoring mandate"
"root (nonstandard sources)","(default)","build-support/ci/WorkflowContractTest.java","WorkflowContractTest","validateBasicYamlStructure(List<String>, String)","146","21","main","[private, static]","4","2","True",,"","Screening only: length/depth/copy is not a refactoring mandate"
"root (nonstandard sources)","(default)","build-support/docs/QuickStartDocumentationTest.java","QuickStartDocumentationTest","main(String[])","24","104","main","[public, static]","27","3","True",,"KISS-002","Selected: see report scope and preservation checks"
"root (nonstandard sources)","(default)","build-support/release/ReleaseContractTest.java","ReleaseContractTest","main(String[])","25","36","main","[public, static]","5","2","True",,"","Screening only: length/depth/copy is not a refactoring mandate"
"root (nonstandard sources)","(default)","build-support/release/ReleaseLicensePolicy.java","ReleaseLicensePolicy","main(String[])","55","27","main","[public, static]","3","1","True",,"","Screening only: length/depth/copy is not a refactoring mandate"
"root (nonstandard sources)","(default)","build-support/release/ReleaseLicensePolicy.java","ReleaseLicensePolicy","inspectSbom(Path, List<String>, Map<String, String>)","83","38","main","[static]","3","2","True",,"","Screening only: length/depth/copy is not a refactoring mandate"
"root (nonstandard sources)","(default)","build-support/release/ReleaseLicensePolicy.java","ReleaseLicensePolicy","inspectComponent(Path, String, List<String>, Map<String, String>)","122","59","main","[private, static]","7","2","True",,"KISS-003","Selected: see report scope and preservation checks"
"root (nonstandard sources)","(default)","build-support/release/ReleaseLicensePolicy.java","ReleaseLicensePolicy","declarations(String, String)","182","24","main","[private, static]","9","2","True",,"","Screening only: length/depth/copy is not a refactoring mandate"
"root (nonstandard sources)","(default)","build-support/release/ReleaseLicensePolicy.java","ReleaseLicensePolicy","normalize(String, String, String)","207","22","main","[static]","4","4","True",,"","Screening only: length/depth/copy is not a refactoring mandate"
"root (nonstandard sources)","(default)","build-support/release/ReleaseLicensePolicy.java","ReleaseLicensePolicy","canonical(String, String, String)","230","31","main","[private, static]","8","1","True",,"","Screening only: length/depth/copy is not a refactoring mandate"
"root (nonstandard sources)","(default)","build-support/release/ReleaseLicensePolicy.java","ReleaseLicensePolicy","diagnostic(Path, String, LicenseDeclaration, String)","270","23","main","[private, static]","3","1","True",,"","Screening only: length/depth/copy is not a refactoring mandate"
"root (nonstandard sources)","(default)","build-support/release/ReleaseLicensePolicy.java","ReleaseLicensePolicy","approvals()","294","31","main","[private, static]","0","0","True",,"","Screening only: length/depth/copy is not a refactoring mandate"
"root (nonstandard sources)","(default)","build-support/release/ReleaseLicensePolicy.java","ReleaseLicensePolicy","matchingDelimiter(String, int, char, char)","340","17","main","[private, static]","9","5","False",,"KISS-006","Selected: see report scope and preservation checks"
"root (nonstandard sources)","(default)","build-support/release/ReleaseLicensePolicyTest.java","ReleaseLicensePolicyTest","main(String[])","15","50","main","[public, static]","1","1","True",,"","Screening only: length/depth/copy is not a refactoring mandate"
"root (nonstandard sources)","(default)","build-support/release/ReleaseLicensePolicyTest.java","ReleaseLicensePolicyTest","assertGate(String, String, String, boolean, String)","87","32","main","[private, static]","4","3","True",,"","Screening only: length/depth/copy is not a refactoring mandate"
"root (nonstandard sources)","(default)","build-support/scripts/InstallGitHooks.java","InstallGitHooks","main(String[])","8","22","main","[public, static]","5","2","True",,"","Screening only: length/depth/copy is not a refactoring mandate"
"root (nonstandard sources)","(default)","build-support/scripts/SyncDocVersion.java","SyncDocVersion","run(boolean)","43","45","main","[static]","8","3","True",,"KISS-004","Selected: see report scope and preservation checks"
"root (nonstandard sources)","(default)","build-support/scripts/SyncDocVersion.java","SyncDocVersion","repositoryRoot()","89","21","main","[private, static]","6","3","True",,"","Screening only: length/depth/copy is not a refactoring mandate"
"root (nonstandard sources)","(default)","build-support/scripts/SyncDocVersion.java","SyncDocVersion","markdownFiles(Path)","131","35","main","[private, static]","8","4","True",,"","Screening only: length/depth/copy is not a refactoring mandate"
"root (nonstandard sources)","(default)","build-support/scripts/SyncDocVersion.java","SyncDocVersion","inspect(Path, Path, String)","172","45","main","[private, static]","5","2","True",,"KISS-005","Selected: see report scope and preservation checks"
"root (nonstandard sources)","(default)","build-support/scripts/SyncDocVersionTest.java","SyncDocVersionTest","testWriteChangesOnlyMarkedValuesAndPreservesEncodingAndNewlines()","68","21","main","[private, static]","1","1","True",,"","Screening only: length/depth/copy is not a refactoring mandate"
"codinglair-taf-common","com.codinglair.taf.core","codinglair-taf-common/src/main/java/com/codinglair/taf/core/AppConfigLoader.java","AppConfigLoader","load(String)","19","27","main","[public, static]","1","1","True",,"","Screening only: length/depth/copy is not a refactoring mandate"
"codinglair-taf-common","com.codinglair.taf.core.data.impl","codinglair-taf-common/src/main/java/com/codinglair/taf/core/data/impl/CsvFileDataProvider.java","CsvFileDataProvider","initialize()","30","23","main","[public]","3","2","True",,"","Screening only: length/depth/copy is not a refactoring mandate"
"codinglair-taf-common","com.codinglair.taf.core.validation.impl","codinglair-taf-common/src/main/java/com/codinglair/taf/core/validation/impl/StringValidator.java","StringValidator","validateAndGetResult(String, String)","34","22","main","[public]","4","2","True",,"","Screening only: length/depth/copy is not a refactoring mandate"
"codinglair-taf-runtime/codinglair-taf-reporting-allure","com.codinglair.taf.runtime.core.reporting.impl.allure","codinglair-taf-runtime/codinglair-taf-reporting-allure/src/main/java/com/codinglair/taf/runtime/core/reporting/impl/allure/AllureCliSingleFileReportGenerator.java","AllureCliSingleFileReportGenerator","generate(GenerationRequest)","17","50","main","[public]","6","2","True",,"KISS-007","Selected: see report scope and preservation checks"
"codinglair-taf-runtime/codinglair-taf-reporting-allure","com.codinglair.taf.runtime.core.reporting.impl.allure","codinglair-taf-runtime/codinglair-taf-reporting-allure/src/main/java/com/codinglair/taf/runtime/core/reporting/impl/allure/AllureCliSingleFileReportGenerator.java","AllureCliSingleFileReportGenerator","command(GenerationRequest)","68","22","main","[private, static]","1","1","True",,"","Screening only: length/depth/copy is not a refactoring mandate"
"codinglair-taf-runtime/codinglair-taf-reporting-allure","com.codinglair.taf.runtime.core.reporting.impl.allure","codinglair-taf-runtime/codinglair-taf-reporting-allure/src/main/java/com/codinglair/taf/runtime/core/reporting/impl/allure/AllureReporter.java","AllureReporter","reportFailure(FailureAnalysis)","90","47","main","[public]","1","1","True",,"","Screening only: length/depth/copy is not a refactoring mandate"
"codinglair-taf-runtime/codinglair-taf-reporting-allure","com.codinglair.taf.runtime.core.reporting.impl.allure","codinglair-taf-runtime/codinglair-taf-reporting-allure/src/main/java/com/codinglair/taf/runtime/core/reporting/impl/allure/AllureReporter.java","AllureReporter","reportEvent(ReportEvent)","138","35","main","[public]","7","2","True",,"KISS-008","Selected: see report scope and preservation checks"
"codinglair-taf-runtime/codinglair-taf-reporting-allure","com.codinglair.taf.runtime.core.reporting.impl.allure","codinglair-taf-runtime/codinglair-taf-reporting-allure/src/main/java/com/codinglair/taf/runtime/core/reporting/impl/allure/AllureSingleFilePublisher.java","AllureSingleFilePublisher","publish()","89","41","main","[private]","3","2","True",,"KISS-009","Selected: see report scope and preservation checks"
"codinglair-taf-runtime/codinglair-taf-reporting-allure","com.codinglair.taf.runtime.core.reporting.impl.allure","codinglair-taf-runtime/codinglair-taf-reporting-allure/src/main/java/com/codinglair/taf/runtime/core/reporting/impl/allure/AllureSingleFilePublisher.java","AllureSingleFilePublisher","validate(AllureSingleFileProperties)","131","24","main","[private, static]","5","1","True",,"","Screening only: length/depth/copy is not a refactoring mandate"
"codinglair-taf-runtime/codinglair-taf-reporting-allure","com.codinglair.taf.runtime.core.reporting.impl.allure","codinglair-taf-runtime/codinglair-taf-reporting-allure/src/main/java/com/codinglair/taf/runtime/core/reporting/impl/allure/AllureSingleFilePublisher.java","AllureSingleFilePublisher","reserveTargetDirectory(Path, String)","197","17","main","[private, static]","6","4","False",,"","Screening only: length/depth/copy is not a refactoring mandate"
"codinglair-taf-runtime/codinglair-taf-reporting-allure","com.codinglair.taf.runtime.core.reporting.impl.allure","codinglair-taf-runtime/codinglair-taf-reporting-allure/src/main/java/com/codinglair/taf/runtime/core/reporting/impl/allure/AllureSingleFilePublisher.java","AllureSingleFilePublisher","validateGenerated(Path)","215","30","main","[private, static]","6","3","True",,"","Screening only: length/depth/copy is not a refactoring mandate"
"codinglair-taf-runtime/codinglair-taf-reporting-allure","com.codinglair.taf.runtime.core.reporting.impl.allure","codinglair-taf-runtime/codinglair-taf-reporting-allure/src/test/java/com/codinglair/taf/runtime/core/reporting/impl/allure/AllureCliSingleFileReportGeneratorIntegrationTest.java","AllureCliSingleFileReportGeneratorIntegrationTest","realAllureCliProducesOneOfflineArtifactAndPreservesSanitization()","21","41","test","[]","1","1","True",,"","Screening only: length/depth/copy is not a refactoring mandate"
"codinglair-taf-runtime/codinglair-taf-reporting-allure","com.codinglair.taf.runtime.core.reporting.impl.allure","codinglair-taf-runtime/codinglair-taf-reporting-allure/src/test/java/com/codinglair/taf/runtime/core/reporting/impl/allure/AllureReporterTest.java","AllureReporterTest","goldenOutputContainsEachRequiredConsumerLevelOnce()","94","28","test","[]","3","1","True",,"","Screening only: length/depth/copy is not a refactoring mandate"
"codinglair-taf-runtime/codinglair-taf-reporting-allure","com.codinglair.taf.runtime.core.reporting.impl.allure","codinglair-taf-runtime/codinglair-taf-reporting-allure/src/test/java/com/codinglair/taf/runtime/core/reporting/impl/allure/AllureReporterTest.java","AllureReporterTest","automaticInterceptionProducesSanitizedAllureHierarchyJson()","123","27","test","[]","1","1","True",,"","Screening only: length/depth/copy is not a refactoring mandate"
"codinglair-taf-runtime/codinglair-taf-reporting-allure","com.codinglair.taf.runtime.core.reporting.impl.allure","codinglair-taf-runtime/codinglair-taf-reporting-allure/src/test/java/com/codinglair/taf/runtime/core/reporting/impl/allure/AllureReporterTest.java","AllureReporterTest","parallelInvocationsDoNotClearAnotherInvocationsHierarchy()","151","26","test","[]","4","2","True",,"","Screening only: length/depth/copy is not a refactoring mandate"
"codinglair-taf-runtime/codinglair-taf-reporting-allure","com.codinglair.taf.runtime.core.reporting.impl.allure","codinglair-taf-runtime/codinglair-taf-reporting-allure/src/test/java/com/codinglair/taf/runtime/core/reporting/impl/allure/AllureReporterTest.java","AllureReporterTest","mapsAuthoritativeFailureAnalysisWithoutReclassification()","199","29","test","[]","0","0","True",,"","Screening only: length/depth/copy is not a refactoring mandate"
"codinglair-taf-runtime/codinglair-taf-reporting-allure","com.codinglair.taf.runtime.core.reporting.impl.allure","codinglair-taf-runtime/codinglair-taf-reporting-allure/src/test/java/com/codinglair/taf/runtime/core/reporting/impl/allure/AllureReporterTest.java","AllureReporterTest","readResults()","235","11","test","[private]","3","3","False",,"","Screening only: length/depth/copy is not a refactoring mandate"
"codinglair-taf-runtime/codinglair-taf-reporting-allure","com.codinglair.taf.runtime.core.reporting.impl.allure","codinglair-taf-runtime/codinglair-taf-reporting-allure/src/test/java/com/codinglair/taf/runtime/core/reporting/impl/allure/AllureSingleFileAutoConfigurationTest.java","AllureSingleFileAutoConfigurationTest","enabledConfigurationBindsCustomValuesAndCreatesPublisher()","33","21","test","[]","0","0","True",,"","Screening only: length/depth/copy is not a refactoring mandate"
"codinglair-taf-runtime/codinglair-taf-reporting-allure","com.codinglair.taf.runtime.core.reporting.impl.allure","codinglair-taf-runtime/codinglair-taf-reporting-allure/src/test/java/com/codinglair/taf/runtime/core/reporting/impl/allure/AllureSingleFileRunnerBoundaryIntegrationTest.java","AllureSingleFileRunnerBoundaryIntegrationTest","assertOnePublication(Class<?>)","29","40","test","[private]","3","2","True",,"","Screening only: length/depth/copy is not a refactoring mandate"
"codinglair-taf-runtime/codinglair-taf-runner-cucumber","com.codinglair.taf.runtime.cucumber","codinglair-taf-runtime/codinglair-taf-runner-cucumber/src/main/java/com/codinglair/taf/runtime/cucumber/CucumberBusinessReportPlugin.java","CucumberBusinessReportPlugin","caseFinished(TestCaseFinished)","117","43","main","[private]","3","2","True",,"KISS-012","Selected: see report scope and preservation checks"
"codinglair-taf-runtime/codinglair-taf-runner-cucumber","com.codinglair.taf.runtime.cucumber","codinglair-taf-runtime/codinglair-taf-runner-cucumber/src/main/java/com/codinglair/taf/runtime/cucumber/CucumberBusinessReportPlugin.java","CucumberBusinessReportPlugin","hash(String)","186","10","main","[private, static]","2","2","False","COPY-017","","Screening only: length/depth/copy is not a refactoring mandate"
"codinglair-taf-runtime/codinglair-taf-runner-cucumber","com.codinglair.taf.runtime.cucumber","codinglair-taf-runtime/codinglair-taf-runner-cucumber/src/main/java/com/codinglair/taf/runtime/cucumber/CucumberBusinessReportPlugin.java","CucumberBusinessReportPlugin","disabledHistory()","197","17","main","[private, static]","0","0","False","COPY-020","","Screening only: length/depth/copy is not a refactoring mandate"
"codinglair-taf-runtime/codinglair-taf-runner-cucumber","com.codinglair.taf.runtime.cucumber","codinglair-taf-runtime/codinglair-taf-runner-cucumber/src/main/java/com/codinglair/taf/runtime/cucumber/CucumberScenarioSession.java","CucumberScenarioSession","start(Scenario)","57","34","main","[]","6","5","True",,"KISS-010","Selected: see report scope and preservation checks"
"codinglair-taf-runtime/codinglair-taf-runner-cucumber","com.codinglair.taf.runtime.cucumber","codinglair-taf-runtime/codinglair-taf-runner-cucumber/src/main/java/com/codinglair/taf/runtime/cucumber/CucumberScenarioSession.java","CucumberScenarioSession","close()","152","30","main","[public]","7","5","True",,"KISS-011","Selected: see report scope and preservation checks"
"codinglair-taf-runtime/codinglair-taf-runner-cucumber","com.codinglair.taf.runtime.cucumber","codinglair-taf-runtime/codinglair-taf-runner-cucumber/src/test/java/com/codinglair/taf/runtime/cucumber/CucumberAudienceAndDependencyContractTest.java","CucumberAudienceAndDependencyContractTest","cucumberUsesTheRunnerNeutralDefinitionResolver()","67","32","test","[]","2","1","True",,"","Screening only: length/depth/copy is not a refactoring mandate"
"codinglair-taf-runtime/codinglair-taf-runner-cucumber","com.codinglair.taf.runtime.cucumber","codinglair-taf-runtime/codinglair-taf-runner-cucumber/src/test/java/com/codinglair/taf/runtime/cucumber/CucumberAudienceAndDependencyContractTest.java","CucumberAudienceAndDependencyContractTest.StaticRepository","require(String, Class<I>, Class<E>)","101","11","test","[public]","0","0","False","COPY-011","","Screening only: length/depth/copy is not a refactoring mandate"
"codinglair-taf-runtime/codinglair-taf-runner-cucumber","com.codinglair.taf.runtime.cucumber","codinglair-taf-runtime/codinglair-taf-runner-cucumber/src/test/java/com/codinglair/taf/runtime/cucumber/CucumberAutomaticReportingTest.java","CucumberAutomaticReportingTest","hooksOwnScenarioScopeAndBddActionWithoutTestNgDuplicate()","27","27","test","[]","0","0","True",,"","Screening only: length/depth/copy is not a refactoring mandate"
"codinglair-taf-runtime/codinglair-taf-runner-cucumber","com.codinglair.taf.runtime.cucumber","codinglair-taf-runtime/codinglair-taf-runner-cucumber/src/test/java/com/codinglair/taf/runtime/cucumber/CucumberAutomaticReportingTest.java","CucumberAutomaticReportingTest","parallelHookInvocationsRemainIsolated()","55","30","test","[]","2","2","True",,"","Screening only: length/depth/copy is not a refactoring mandate"
"codinglair-taf-runtime/codinglair-taf-runner-cucumber","com.codinglair.taf.runtime.cucumber","codinglair-taf-runtime/codinglair-taf-runner-cucumber/src/test/java/com/codinglair/taf/runtime/cucumber/CucumberAutomaticReportingTest.java","CucumberAutomaticReportingTest","scenario(String, String, Status)","86","21","test","[private, static]","1","1","True",,"","Screening only: length/depth/copy is not a refactoring mandate"
"codinglair-taf-runtime/codinglair-taf-runner-cucumber","com.codinglair.taf.runtime.cucumber","codinglair-taf-runtime/codinglair-taf-runner-cucumber/src/test/java/com/codinglair/taf/runtime/cucumber/CucumberFailurePropagationTest.java","CucumberFailurePropagationTest","businessResultPreservesTheExactAuthoritativeSyntheticAnalysis()","12","27","test","[]","0","0","True",,"","Screening only: length/depth/copy is not a refactoring mandate"
"codinglair-taf-runtime/codinglair-taf-runner-cucumber","com.codinglair.taf.runtime.cucumber","codinglair-taf-runtime/codinglair-taf-runner-cucumber/src/test/java/com/codinglair/taf/runtime/cucumber/CucumberRunnerIntegrationTest.java","CucumberRunnerIntegrationTest","curatedFeatureMapsStepsTraceabilityAndSanitizedEvidenceToBusinessReport()","24","35","test","[]","0","0","True",,"","Screening only: length/depth/copy is not a refactoring mandate"
"codinglair-taf-runtime/codinglair-taf-runner-cucumber","com.codinglair.taf.runtime.cucumber","codinglair-taf-runtime/codinglair-taf-runner-cucumber/src/test/java/com/codinglair/taf/runtime/cucumber/CucumberRunnerIntegrationTest.java","CucumberRunnerIntegrationTest","failureStillRunsCleanupAndBusinessReportOmitsStackTrace()","60","24","test","[]","0","0","True",,"","Screening only: length/depth/copy is not a refactoring mandate"
"codinglair-taf-runtime/codinglair-taf-runner-testng","com.codinglair.taf.runtime.testng","codinglair-taf-runtime/codinglair-taf-runner-testng/src/main/java/com/codinglair/taf/runtime/testng/TafBaseTest.java","TafBaseTest","closeTafSession(ITestResult)","69","18","main","[public, final]","5","3","False",,"","Screening only: length/depth/copy is not a refactoring mandate"
"codinglair-taf-runtime/codinglair-taf-runner-testng","com.codinglair.taf.runtime.testng","codinglair-taf-runtime/codinglair-taf-runner-testng/src/main/java/com/codinglair/taf/runtime/testng/TafBaseTest.java","TafBaseTest","closeAfterSetupFailure(ITestResult, InvocationDescriptor, Throwable)","151","15","main","[private]","6","4","False",,"KISS-013","Selected: see report scope and preservation checks"
"codinglair-taf-runtime/codinglair-taf-runner-testng","com.codinglair.taf.runtime.testng","codinglair-taf-runtime/codinglair-taf-runner-testng/src/main/java/com/codinglair/taf/runtime/testng/TafBaseTest.java","TafBaseTest","finishInvocation(ITestResult, InvocationDescriptor, boolean)","167","20","main","[private]","4","3","False",,"KISS-014","Selected: see report scope and preservation checks"
"codinglair-taf-runtime/codinglair-taf-runner-testng","com.codinglair.taf.runtime.testng","codinglair-taf-runtime/codinglair-taf-runner-testng/src/main/java/com/codinglair/taf/runtime/testng/TafBaseTest.java","TafBaseTest","recordAttempt(ITestResult, InvocationDescriptor, boolean)","267","42","main","[private]","5","2","True",,"","Screening only: length/depth/copy is not a refactoring mandate"
"codinglair-taf-runtime/codinglair-taf-runner-testng","com.codinglair.taf.runtime.testng","codinglair-taf-runtime/codinglair-taf-runner-testng/src/main/java/com/codinglair/taf/runtime/testng/TafBaseTest.java","TafBaseTest","hash(String)","319","10","main","[private, static]","2","2","False","COPY-017","","Screening only: length/depth/copy is not a refactoring mandate"
"codinglair-taf-runtime/codinglair-taf-runner-testng","com.codinglair.taf.runtime.testng","codinglair-taf-runtime/codinglair-taf-runner-testng/src/main/java/com/codinglair/taf/runtime/testng/TestNgAttemptResult.java","TestNgAttemptResult","<init>(int, Instant, Status, Throwable, List<TestArtifact>)","32","24","main","[public]","3","2","True",,"","Screening only: length/depth/copy is not a refactoring mandate"
"codinglair-taf-runtime/codinglair-taf-runner-testng","com.codinglair.taf.runtime.testng","codinglair-taf-runtime/codinglair-taf-runner-testng/src/main/java/com/codinglair/taf/runtime/testng/TestNgLifecycleListener.java","TestNgLifecycleListener","record(ITestResult, TestNgAttemptResult.Status)","151","27","main","[private]","4","1","True",,"","Screening only: length/depth/copy is not a refactoring mandate"
"codinglair-taf-runtime/codinglair-taf-runner-testng","com.codinglair.taf.runtime.testng","codinglair-taf-runtime/codinglair-taf-runner-testng/src/main/java/com/codinglair/taf/runtime/testng/TestNgLifecycleListener.java","TestNgLifecycleListener.ExecutionState","add(ITestResult, TestNgAttemptResult.Status, Throwable, PendingAttempt, AttemptHistoryService)","278","38","main","[private, synchronized]","3","2","True",,"","Screening only: length/depth/copy is not a refactoring mandate"
"codinglair-taf-runtime/codinglair-taf-runner-testng","com.codinglair.taf.runtime.testng","codinglair-taf-runtime/codinglair-taf-runner-testng/src/main/java/com/codinglair/taf/runtime/testng/TestNgLifecycleListener.java","TestNgLifecycleListener","safeId(String)","330","10","main","[private, static]","2","2","False","COPY-017","","Screening only: length/depth/copy is not a refactoring mandate"
"codinglair-taf-runtime/codinglair-taf-runner-testng","com.codinglair.taf.runtime.testng","codinglair-taf-runtime/codinglair-taf-runner-testng/src/main/java/com/codinglair/taf/runtime/testng/TestNgLifecycleListener.java","TestNgLifecycleListener","disabledHistory()","341","17","main","[private, static]","0","0","False","COPY-020","","Screening only: length/depth/copy is not a refactoring mandate"
"codinglair-taf-runtime/codinglair-taf-runner-testng","com.codinglair.taf.runtime.testng","codinglair-taf-runtime/codinglair-taf-runner-testng/src/main/java/com/codinglair/taf/runtime/testng/TestNgStructuredResultWriter.java","TestNgStructuredResultWriter","writeJson(TestNgExecutionResult)","11","69","main","[public]","8","3","True",,"KISS-015","Selected: see report scope and preservation checks"
"codinglair-taf-runtime/codinglair-taf-runner-testng","com.codinglair.taf.runtime.testng","codinglair-taf-runtime/codinglair-taf-runner-testng/src/test/java/com/codinglair/taf/runtime/testng/TafBaseTestFinalizationTest.java","TafBaseTestFinalizationTest.SecondaryFailures","clearsState(Phase, FailureSource)","58","38","test","[]","3","1","True",,"","Screening only: length/depth/copy is not a refactoring mandate"
"codinglair-taf-runtime/codinglair-taf-runner-testng","com.codinglair.taf.runtime.testng","codinglair-taf-runtime/codinglair-taf-runner-testng/src/test/java/com/codinglair/taf/runtime/testng/TafBaseTestFinalizationTest.java","TafBaseTestFinalizationTest.FailingConfiguration","executionHistoryRepository()","160","25","test","[]","0","0","True",,"","Screening only: length/depth/copy is not a refactoring mandate"
"codinglair-taf-runtime/codinglair-taf-runner-testng","com.codinglair.taf.runtime.testng","codinglair-taf-runtime/codinglair-taf-runner-testng/src/test/java/com/codinglair/taf/runtime/testng/TafBaseTestFinalizationTest.java","TafBaseTestFinalizationTest.FailingConfiguration","testReporter()","186","24","test","[]","0","0","True",,"","Screening only: length/depth/copy is not a refactoring mandate"
"codinglair-taf-runtime/codinglair-taf-runner-testng","com.codinglair.taf.runtime.testng","codinglair-taf-runtime/codinglair-taf-runner-testng/src/test/java/com/codinglair/taf/runtime/testng/TafBaseTestTest.java","TafBaseTestTest","springManagedLifecycleProvidesInvocationMetadataContextControllersAndServices()","79","24","test","[]","0","0","True",,"","Screening only: length/depth/copy is not a refactoring mandate"
"codinglair-taf-runtime/codinglair-taf-runner-testng","com.codinglair.taf.runtime.testng","codinglair-taf-runtime/codinglair-taf-runner-testng/src/test/java/com/codinglair/taf/runtime/testng/TafBaseTestTest.java","TafBaseTestTest","run(Class<?>)","173","26","test","[private, static]","0","0","True",,"","Screening only: length/depth/copy is not a refactoring mandate"
"codinglair-taf-runtime/codinglair-taf-runner-testng","com.codinglair.taf.runtime.testng","codinglair-taf-runtime/codinglair-taf-runner-testng/src/test/java/com/codinglair/taf/runtime/testng/TafBaseTestTest.java","TafBaseTestTest.TestConfiguration.","require(String, Class<I>, Class<E>)","340","11","test","[public]","0","0","False","COPY-011","","Screening only: length/depth/copy is not a refactoring mandate"
"codinglair-taf-runtime/codinglair-taf-runner-testng","com.codinglair.taf.runtime.testng","codinglair-taf-runtime/codinglair-taf-runner-testng/src/test/java/com/codinglair/taf/runtime/testng/TestNgFailurePropagationTest.java","TestNgFailurePropagationTest","jsonCarriesTheExactAuthoritativeAnalysis()","19","27","test","[]","0","0","True",,"","Screening only: length/depth/copy is not a refactoring mandate"
"codinglair-taf-runtime/codinglair-taf-runner-testng","com.codinglair.taf.runtime.testng","codinglair-taf-runtime/codinglair-taf-runner-testng/src/test/java/com/codinglair/taf/runtime/testng/TestNgFailurePropagationTest.java","TestNgFailurePropagationTest","configurationFailureIsClassifiedPreservedAndReported()","47","22","test","[]","0","0","True",,"","Screening only: length/depth/copy is not a refactoring mandate"
"codinglair-taf-runtime/codinglair-taf-runner-testng","com.codinglair.taf.runtime.testng","codinglair-taf-runtime/codinglair-taf-runner-testng/src/test/java/com/codinglair/taf/runtime/testng/TestNgFailurePropagationTest.java","TestNgFailurePropagationTest","synthetic()","70","8","test","[static]","0","0","False","COPY-012","","Screening only: length/depth/copy is not a refactoring mandate"
"codinglair-taf-runtime/codinglair-taf-runner-testng","com.codinglair.taf.runtime.testng","codinglair-taf-runtime/codinglair-taf-runner-testng/src/test/java/com/codinglair/taf/runtime/testng/TestNgLifecycleListenerTest.java","TestNgLifecycleListenerTest","retryAttemptsHaveIsolatedSessionsAndRetainNativeResultHistory()","65","44","test","[]","0","0","True",,"","Screening only: length/depth/copy is not a refactoring mandate"
"codinglair-taf-runtime/codinglair-taf-runner-testng","com.codinglair.taf.runtime.testng","codinglair-taf-runtime/codinglair-taf-runner-testng/src/test/java/com/codinglair/taf/runtime/testng/TestNgLifecycleListenerTest.java","TestNgLifecycleListenerTest","retryRetainsAttemptHistoryWithoutPublishingDuplicateShallowReporterEvents()","110","43","test","[]","0","0","True",,"","Screening only: length/depth/copy is not a refactoring mandate"
"codinglair-taf-runtime/codinglair-taf-runner-testng","com.codinglair.taf.runtime.testng","codinglair-taf-runtime/codinglair-taf-runner-testng/src/test/java/com/codinglair/taf/runtime/testng/TestNgLifecycleListenerTest.java","TestNgLifecycleListenerTest","assertionRemainsPrimaryWhenCleanupAlsoFails()","166","24","test","[]","0","0","True",,"","Screening only: length/depth/copy is not a refactoring mandate"
"codinglair-taf-runtime/codinglair-taf-runtime-core","com.codinglair.taf.runtime.core","codinglair-taf-runtime/codinglair-taf-runtime-core/src/main/java/com/codinglair/taf/runtime/core/TestSession.java","TestSession","close()","105","21","main","[public]","8","4","True",,"","Screening only: length/depth/copy is not a refactoring mandate"
"codinglair-taf-runtime/codinglair-taf-runtime-core","com.codinglair.taf.runtime.core","codinglair-taf-runtime/codinglair-taf-runtime-core/src/test/java/com/codinglair/taf/runtime/core/ArchitectureBoundaryTest.java","ArchitectureBoundaryTest","coreProductionSourcesContainNoOptionalImplementations()","10","25","test","[]","3","3","True",,"","Screening only: length/depth/copy is not a refactoring mandate"
"codinglair-taf-runtime/codinglair-taf-runtime-core","com.codinglair.taf.runtime.core","codinglair-taf-runtime/codinglair-taf-runtime-core/src/test/java/com/codinglair/taf/runtime/core/DocumentationReferenceTest.java","DocumentationReferenceTest","referenceCoversPublishedArtifactsConfigurationSchemasAndAudiences()","23","89","test","[]","13","2","True",,"","Screening only: length/depth/copy is not a refactoring mandate"
"codinglair-taf-runtime/codinglair-taf-runtime-core","com.codinglair.taf.runtime.core","codinglair-taf-runtime/codinglair-taf-runtime-core/src/test/java/com/codinglair/taf/runtime/core/DocumentationReferenceTest.java","DocumentationReferenceTest","collectConfigurationPrefix(Path, String, List<String>)","124","14","test","[private, static]","4","3","False",,"","Screening only: length/depth/copy is not a refactoring mandate"
"codinglair-taf-runtime/codinglair-taf-runtime-core","com.codinglair.taf.runtime.core","codinglair-taf-runtime/codinglair-taf-runtime-core/src/test/java/com/codinglair/taf/runtime/core/DocumentationReferenceTest.java","DocumentationReferenceTest","validateDocument(Path, List<String>)","139","15","test","[private, static]","5","3","False",,"","Screening only: length/depth/copy is not a refactoring mandate"
"codinglair-taf-runtime/codinglair-taf-runtime-core","com.codinglair.taf.runtime.core.autoconfigure","codinglair-taf-runtime/codinglair-taf-runtime-core/src/main/java/com/codinglair/taf/runtime/core/autoconfigure/TafRuntimeAutoConfiguration.java","TafRuntimeAutoConfiguration","testSessionFactory(List<TestSessionConfigurer>)","120","19","main","[public]","4","4","False",,"","Screening only: length/depth/copy is not a refactoring mandate"
"codinglair-taf-runtime/codinglair-taf-runtime-core","com.codinglair.taf.runtime.core.autoconfigure","codinglair-taf-runtime/codinglair-taf-runtime-core/src/test/java/com/codinglair/taf/runtime/core/autoconfigure/TafRuntimeAutoConfigurationTest.java","TafRuntimeAutoConfigurationTest.ConditionalBeanCreationTests","preflightAggregatesContributors()","283","33","test","[]","0","0","True",,"","Screening only: length/depth/copy is not a refactoring mandate"
"codinglair-taf-runtime/codinglair-taf-runtime-core","com.codinglair.taf.runtime.core.autoconfigure","codinglair-taf-runtime/codinglair-taf-runtime-core/src/test/java/com/codinglair/taf/runtime/core/autoconfigure/TafRuntimeAutoConfigurationTest.java","TafRuntimeAutoConfigurationTest.ConditionalBeanCreationTests","preflightOrdersContributorsAndSanitizesFailures()","317","24","test","[]","0","0","True",,"","Screening only: length/depth/copy is not a refactoring mandate"
"codinglair-taf-runtime/codinglair-taf-runtime-core","com.codinglair.taf.runtime.core.condition","codinglair-taf-runtime/codinglair-taf-runtime-core/src/main/java/com/codinglair/taf/runtime/core/condition/AwaitableAssertion.java","AwaitableAssertion","await(Supplier<Object>, String)","119","114","main","[public]","15","6","True",,"KISS-016","Selected: see report scope and preservation checks"
"codinglair-taf-runtime/codinglair-taf-runtime-core","com.codinglair.taf.runtime.core.condition","codinglair-taf-runtime/codinglair-taf-runtime-core/src/main/java/com/codinglair/taf/runtime/core/condition/AwaitableAssertion.java","AwaitableAssertion","generateMessage()","341","21","main","[private]","2","2","True",,"","Screening only: length/depth/copy is not a refactoring mandate"
"codinglair-taf-runtime/codinglair-taf-runtime-core","com.codinglair.taf.runtime.core.condition","codinglair-taf-runtime/codinglair-taf-runtime-core/src/test/java/com/codinglair/taf/runtime/core/condition/AwaitableAssertionTest.java","AwaitableAssertionTest.ConcurrentExecutionTests","parallelAssertions_doNotInterfere()","323","28","test","[]","2","1","True",,"","Screening only: length/depth/copy is not a refactoring mandate"
"codinglair-taf-runtime/codinglair-taf-runtime-core","com.codinglair.taf.runtime.core.controller","codinglair-taf-runtime/codinglair-taf-runtime-core/src/main/java/com/codinglair/taf/runtime/core/controller/ControllerRegistry.java","ControllerRegistry","close()","57","18","main","[public]","5","4","False",,"","Screening only: length/depth/copy is not a refactoring mandate"
"codinglair-taf-runtime/codinglair-taf-runtime-core","com.codinglair.taf.runtime.core.controller","codinglair-taf-runtime/codinglair-taf-runtime-core/src/main/java/com/codinglair/taf/runtime/core/controller/ControllerRegistry.java","ControllerRegistry.Entry","exposed(Class<T>, ReportingActionInterceptor)","108","38","main","[private]","8","4","True",,"KISS-017","Selected: see report scope and preservation checks"
"codinglair-taf-runtime/codinglair-taf-runtime-core","com.codinglair.taf.runtime.core.controller","codinglair-taf-runtime/codinglair-taf-runtime-core/src/main/java/com/codinglair/taf/runtime/core/controller/ControllerRegistry.java","ControllerRegistry.Entry","initialize(ControllerContext, List<Entry<?>>)","147","28","main","[private]","9","4","True",,"KISS-018","Selected: see report scope and preservation checks"
"codinglair-taf-runtime/codinglair-taf-runtime-core","com.codinglair.taf.runtime.core.controller","codinglair-taf-runtime/codinglair-taf-runtime-core/src/test/java/com/codinglair/taf/runtime/core/controller/ControllerLifecycleConformanceTest.java","ControllerLifecycleConformanceTest","initializesLazilyAndOnlyOnceUnderConcurrency()","18","23","test","[]","2","2","True",,"","Screening only: length/depth/copy is not a refactoring mandate"
"codinglair-taf-runtime/codinglair-taf-runtime-core","com.codinglair.taf.runtime.core.failure","codinglair-taf-runtime/codinglair-taf-runtime-core/src/main/java/com/codinglair/taf/runtime/core/failure/FailureClassificationService.java","FailureClassificationService","classify(FailureContext)","19","30","main","[public]","5","1","True",,"","Screening only: length/depth/copy is not a refactoring mandate"
"codinglair-taf-runtime/codinglair-taf-runtime-core","com.codinglair.taf.runtime.core.failure","codinglair-taf-runtime/codinglair-taf-runtime-core/src/main/java/com/codinglair/taf/runtime/core/failure/FailureSignatureService.java","FailureSignatureService","canonicalForTesting(FailureContext)","63","40","main","[]","3","2","True",,"","Screening only: length/depth/copy is not a refactoring mandate"
"codinglair-taf-runtime/codinglair-taf-runtime-core","com.codinglair.taf.runtime.core.failure","codinglair-taf-runtime/codinglair-taf-runtime-core/src/test/java/com/codinglair/taf/runtime/core/failure/FailurePolicyTest.java","FailurePolicyTest","explicitClassificationWinsAndContradictionsFail()","17","21","test","[]","0","0","True",,"","Screening only: length/depth/copy is not a refactoring mandate"
"codinglair-taf-runtime/codinglair-taf-runtime-core","com.codinglair.taf.runtime.core.failure","codinglair-taf-runtime/codinglair-taf-runtime-core/src/test/java/com/codinglair/taf/runtime/core/failure/FailurePolicyTest.java","FailurePolicyTest","assertionAloneFallsBackToInconclusiveAndBoundaryRulesAreDeterministic()","39","53","test","[]","0","0","True",,"","Screening only: length/depth/copy is not a refactoring mandate"
"codinglair-taf-runtime/codinglair-taf-runtime-core","com.codinglair.taf.runtime.core.failure","codinglair-taf-runtime/codinglair-taf-runtime-core/src/test/java/com/codinglair/taf/runtime/core/failure/FailurePolicyTest.java","FailurePolicyTest","volatileValuesAndReclassificationDoNotChangeSignature()","93","27","test","[]","0","0","True",,"","Screening only: length/depth/copy is not a refactoring mandate"
"codinglair-taf-runtime/codinglair-taf-runtime-core","com.codinglair.taf.runtime.core.failure","codinglair-taf-runtime/codinglair-taf-runtime-core/src/test/java/com/codinglair/taf/runtime/core/failure/FailurePolicyTest.java","FailurePolicyTest","boundsCauseChainsAndExcludesSensitiveOrRawEvidenceInputs()","121","31","test","[]","0","0","True",,"","Screening only: length/depth/copy is not a refactoring mandate"
"codinglair-taf-runtime/codinglair-taf-runtime-core","com.codinglair.taf.runtime.core.failure","codinglair-taf-runtime/codinglair-taf-runtime-core/src/test/java/com/codinglair/taf/runtime/core/failure/FailurePolicyTest.java","FailurePolicyTest","probe(String, String)","166","23","test","[private, static]","1","1","True",,"","Screening only: length/depth/copy is not a refactoring mandate"
"codinglair-taf-runtime/codinglair-taf-runtime-core","com.codinglair.taf.runtime.core.history","codinglair-taf-runtime/codinglair-taf-runtime-core/src/main/java/com/codinglair/taf/runtime/core/history/AttemptHistoryService.java","AttemptHistoryService","complete(AttemptDescriptor)","67","44","main","[public]","4","1","True",,"","Screening only: length/depth/copy is not a refactoring mandate"
"codinglair-taf-runtime/codinglair-taf-runtime-core","com.codinglair.taf.runtime.core.history","codinglair-taf-runtime/codinglair-taf-runtime-core/src/main/java/com/codinglair/taf/runtime/core/history/FileExecutionHistoryRepository.java","FileExecutionHistoryRepository","record(ExecutionAttemptSummary)","40","33","main","[public]","7","3","True",,"","Screening only: length/depth/copy is not a refactoring mandate"
"codinglair-taf-runtime/codinglair-taf-runtime-core","com.codinglair.taf.runtime.core.history","codinglair-taf-runtime/codinglair-taf-runtime-core/src/main/java/com/codinglair/taf/runtime/core/history/FileExecutionHistoryRepository.java","FileExecutionHistoryRepository","read(Path, int, Duration, String)","122","46","main","[private]","9","4","True",,"KISS-019","Selected: see report scope and preservation checks"
"codinglair-taf-runtime/codinglair-taf-runtime-core","com.codinglair.taf.runtime.core.history","codinglair-taf-runtime/codinglair-taf-runtime-core/src/main/java/com/codinglair/taf/runtime/core/history/FileExecutionHistoryRepository.java","FileExecutionHistoryRepository","retain(Path)","169","26","main","[private]","3","2","True",,"","Screening only: length/depth/copy is not a refactoring mandate"
"codinglair-taf-runtime/codinglair-taf-runtime-core","com.codinglair.taf.runtime.core.history","codinglair-taf-runtime/codinglair-taf-runtime-core/src/main/java/com/codinglair/taf/runtime/core/history/FileExecutionHistoryRepository.java","FileExecutionHistoryRepository","createSecureDirectories(Path)","215","18","main","[private]","6","4","False",,"","Screening only: length/depth/copy is not a refactoring mandate"
"codinglair-taf-runtime/codinglair-taf-runtime-core","com.codinglair.taf.runtime.core.history","codinglair-taf-runtime/codinglair-taf-runtime-core/src/main/java/com/codinglair/taf/runtime/core/history/FileExecutionHistoryRepository.java","FileExecutionHistoryRepository","encode(ExecutionAttemptSummary)","234","33","main","[private]","5","1","True",,"","Screening only: length/depth/copy is not a refactoring mandate"
"codinglair-taf-runtime/codinglair-taf-runtime-core","com.codinglair.taf.runtime.core.history","codinglair-taf-runtime/codinglair-taf-runtime-core/src/main/java/com/codinglair/taf/runtime/core/history/FileExecutionHistoryRepository.java","FileExecutionHistoryRepository","decode(String)","268","34","main","[private]","5","2","True",,"","Screening only: length/depth/copy is not a refactoring mandate"
"codinglair-taf-runtime/codinglair-taf-runtime-core","com.codinglair.taf.runtime.core.history","codinglair-taf-runtime/codinglair-taf-runtime-core/src/main/java/com/codinglair/taf/runtime/core/history/FileExecutionHistoryRepository.java","FileExecutionHistoryRepository","hash(String)","309","9","main","[private, static]","2","2","False","COPY-016","","Screening only: length/depth/copy is not a refactoring mandate"
"codinglair-taf-runtime/codinglair-taf-runtime-core","com.codinglair.taf.runtime.core.history","codinglair-taf-runtime/codinglair-taf-runtime-core/src/main/java/com/codinglair/taf/runtime/core/history/HistoricalStabilityEvaluator.java","HistoricalStabilityEvaluator","evaluate(List<ExecutionAttemptSummary>, int, CompatibilityScope)","12","21","main","[public]","3","1","True",,"","Screening only: length/depth/copy is not a refactoring mandate"
"codinglair-taf-runtime/codinglair-taf-runtime-core","com.codinglair.taf.runtime.core.history","codinglair-taf-runtime/codinglair-taf-runtime-core/src/test/java/com/codinglair/taf/runtime/core/history/AttemptHistoryServiceTest.java","AttemptHistoryServiceTest","successfulAndFailedRunsProduceHistoricalFlakyWithoutRewritingRootCauseOrSignature()","19","21","test","[]","0","0","True",,"","Screening only: length/depth/copy is not a refactoring mandate"
"codinglair-taf-runtime/codinglair-taf-runtime-core","com.codinglair.taf.runtime.core.history","codinglair-taf-runtime/codinglair-taf-runtime-core/src/test/java/com/codinglair/taf/runtime/core/history/AttemptHistoryServiceTest.java","AttemptHistoryServiceTest","failureOnlyRunsAreRecurringButNotFlakyAndRerunsRemainSeparate()","41","22","test","[]","0","0","True",,"","Screening only: length/depth/copy is not a refactoring mandate"
"codinglair-taf-runtime/codinglair-taf-runtime-core","com.codinglair.taf.runtime.core.history","codinglair-taf-runtime/codinglair-taf-runtime-core/src/test/java/com/codinglair/taf/runtime/core/history/AttemptHistoryServiceTest.java","AttemptHistoryServiceTest","unavailableOptionalRepositoryLeavesCurrentAttemptAuthoritative()","64","26","test","[]","0","0","True",,"","Screening only: length/depth/copy is not a refactoring mandate"
"codinglair-taf-runtime/codinglair-taf-runtime-core","com.codinglair.taf.runtime.core.history","codinglair-taf-runtime/codinglair-taf-runtime-core/src/test/java/com/codinglair/taf/runtime/core/history/AttemptHistoryServiceTest.java","AttemptHistoryServiceTest","descriptor(String, String, ExecutionAttemptSummary.Outcome, Throwable)","116","21","test","[private, static]","0","0","True",,"","Screening only: length/depth/copy is not a refactoring mandate"
"codinglair-taf-runtime/codinglair-taf-runtime-core","com.codinglair.taf.runtime.core.history","codinglair-taf-runtime/codinglair-taf-runtime-core/src/test/java/com/codinglair/taf/runtime/core/history/FileExecutionHistoryRepositoryTest.java","FileExecutionHistoryRepositoryTest","recordsQueriesAndTreatsDuplicateAttemptIdempotently()","28","30","test","[]","0","0","True",,"","Screening only: length/depth/copy is not a refactoring mandate"
"codinglair-taf-runtime/codinglair-taf-runtime-core","com.codinglair.taf.runtime.core.history","codinglair-taf-runtime/codinglair-taf-runtime-core/src/test/java/com/codinglair/taf/runtime/core/history/FileExecutionHistoryRepositoryTest.java","FileExecutionHistoryRepositoryTest","isolatesProjectsTestsAndRerunAttempts()","109","24","test","[]","0","0","True",,"","Screening only: length/depth/copy is not a refactoring mandate"
"codinglair-taf-runtime/codinglair-taf-runtime-core","com.codinglair.taf.runtime.core.history","codinglair-taf-runtime/codinglair-taf-runtime-core/src/test/java/com/codinglair/taf/runtime/core/history/FileExecutionHistoryRepositoryTest.java","FileExecutionHistoryRepositoryTest","parallelJavaProcessesPublishCompleteSeparateAttempts()","134","29","test","[]","3","1","True",,"","Screening only: length/depth/copy is not a refactoring mandate"
"codinglair-taf-runtime/codinglair-taf-runtime-core","com.codinglair.taf.runtime.core.history","codinglair-taf-runtime/codinglair-taf-runtime-core/src/test/java/com/codinglair/taf/runtime/core/history/FileExecutionHistoryRepositoryTest.java","FileExecutionHistoryRepositoryTest","unavailableAndPartiallyWrittenAreDistinctAndDoNotMutateCurrentSummary()","164","29","test","[]","0","0","True",,"","Screening only: length/depth/copy is not a refactoring mandate"
"codinglair-taf-runtime/codinglair-taf-runtime-core","com.codinglair.taf.runtime.core.history","codinglair-taf-runtime/codinglair-taf-runtime-core/src/test/java/com/codinglair/taf/runtime/core/history/FileExecutionHistoryRepositoryTest.java","FileExecutionHistoryRepositoryTest","retentionEnforcesAgeAndByteBoundsDeterministically()","219","52","test","[]","2","2","True",,"","Screening only: length/depth/copy is not a refactoring mandate"
"codinglair-taf-runtime/codinglair-taf-runtime-core","com.codinglair.taf.runtime.core.history","codinglair-taf-runtime/codinglair-taf-runtime-core/src/test/java/com/codinglair/taf/runtime/core/history/FileExecutionHistoryRepositoryTest.java","FileExecutionHistoryRepositoryTest","quarantineMovesCorruptAndUnknownFutureRecordsOutOfTheValidView()","272","25","test","[]","0","0","True",,"","Screening only: length/depth/copy is not a refactoring mandate"
"codinglair-taf-runtime/codinglair-taf-runtime-core","com.codinglair.taf.runtime.core.history","codinglair-taf-runtime/codinglair-taf-runtime-core/src/test/java/com/codinglair/taf/runtime/core/history/FileExecutionHistoryRepositoryTest.java","FileExecutionHistoryRepositoryTest","historyJsonContainsOnlyBoundedMetadataAndNoRawSecretOrEvidence()","298","48","test","[]","2","2","True",,"","Screening only: length/depth/copy is not a refactoring mandate"
"codinglair-taf-runtime/codinglair-taf-runtime-core","com.codinglair.taf.runtime.core.history","codinglair-taf-runtime/codinglair-taf-runtime-core/src/test/java/com/codinglair/taf/runtime/core/history/FileHistoryProcessProbe.java","FileHistoryProcessProbe","main(String[])","15","31","test","[public, static]","1","1","True",,"","Screening only: length/depth/copy is not a refactoring mandate"
"codinglair-taf-runtime/codinglair-taf-runtime-core","com.codinglair.taf.runtime.core.history","codinglair-taf-runtime/codinglair-taf-runtime-core/src/test/java/com/codinglair/taf/runtime/core/history/HistoricalStabilityEvaluatorTest.java","HistoricalStabilityEvaluatorTest","incompatibleBuildAndEnvironmentDoNotCreateFlakyStatusOrRewriteCurrentResult()","37","27","test","[]","0","0","True",,"","Screening only: length/depth/copy is not a refactoring mandate"
"codinglair-taf-runtime/codinglair-taf-runtime-core","com.codinglair.taf.runtime.core.history","codinglair-taf-runtime/codinglair-taf-runtime-core/src/test/java/com/codinglair/taf/runtime/core/history/HistoricalStabilityEvaluatorTest.java","HistoricalStabilityEvaluatorTest","summary(String, ExecutionAttemptSummary.Outcome)","65","27","test","[private]","2","1","True",,"","Screening only: length/depth/copy is not a refactoring mandate"
"codinglair-taf-runtime/codinglair-taf-runtime-core","com.codinglair.taf.runtime.core.integration","codinglair-taf-runtime/codinglair-taf-runtime-core/src/test/java/com/codinglair/taf/runtime/core/integration/ContextCorrelationIntegrationTests.java","ContextCorrelationIntegrationTests.ParallelIsolationTests","parallelSessions_haveIsolatedCorrelationContexts()","31","37","test","[]","3","2","True",,"","Screening only: length/depth/copy is not a refactoring mandate"
"codinglair-taf-runtime/codinglair-taf-runtime-core","com.codinglair.taf.runtime.core.integration","codinglair-taf-runtime/codinglair-taf-runtime-core/src/test/java/com/codinglair/taf/runtime/core/integration/ContextCorrelationIntegrationTests.java","ContextCorrelationIntegrationTests.ParallelIsolationTests","parallelSessions_haveIsolatedTestContexts()","69","26","test","[]","1","1","True",,"","Screening only: length/depth/copy is not a refactoring mandate"
"codinglair-taf-runtime/codinglair-taf-runtime-core","com.codinglair.taf.runtime.core.integration","codinglair-taf-runtime/codinglair-taf-runtime-core/src/test/java/com/codinglair/taf/runtime/core/integration/ContextCorrelationIntegrationTests.java","ContextCorrelationIntegrationTests.ParallelIsolationTests","parallelSessions_haveIsolatedPreconditions()","96","32","test","[]","1","1","True",,"","Screening only: length/depth/copy is not a refactoring mandate"
"codinglair-taf-runtime/codinglair-taf-runtime-core","com.codinglair.taf.runtime.core.integration","codinglair-taf-runtime/codinglair-taf-runtime-core/src/test/java/com/codinglair/taf/runtime/core/integration/ContextCorrelationIntegrationTests.java","ContextCorrelationIntegrationTests.ParallelIsolationTests","parallelSessions_haveIsolatedAttributes()","129","26","test","[]","1","1","True",,"","Screening only: length/depth/copy is not a refactoring mandate"
"codinglair-taf-runtime/codinglair-taf-runtime-core","com.codinglair.taf.runtime.core.integration","codinglair-taf-runtime/codinglair-taf-runtime-core/src/test/java/com/codinglair/taf/runtime/core/integration/ContextCorrelationIntegrationTests.java","ContextCorrelationIntegrationTests.CorrelationHeaderTests","correlationContext_toHeaders_includesAllRequiredHeaders()","215","23","test","[]","0","0","True",,"","Screening only: length/depth/copy is not a refactoring mandate"
"codinglair-taf-runtime/codinglair-taf-runtime-core","com.codinglair.taf.runtime.core.lifecycle","codinglair-taf-runtime/codinglair-taf-runtime-core/src/main/java/com/codinglair/taf/runtime/core/lifecycle/TestSessionLifecycle.java","TestSessionLifecycle","open(InvocationDescriptor)","19","23","main","[public]","4","2","True",,"","Screening only: length/depth/copy is not a refactoring mandate"
"codinglair-taf-runtime/codinglair-taf-runtime-core","com.codinglair.taf.runtime.core.lifecycle","codinglair-taf-runtime/codinglair-taf-runtime-core/src/main/java/com/codinglair/taf/runtime/core/lifecycle/TestSessionLifecycle.java","TestSessionLifecycle","close(InvocationDescriptor, InvocationOutcome)","43","22","main","[public]","6","4","True",,"","Screening only: length/depth/copy is not a refactoring mandate"
"codinglair-taf-runtime/codinglair-taf-runtime-core","com.codinglair.taf.runtime.core.lifecycle","codinglair-taf-runtime/codinglair-taf-runtime-core/src/test/java/com/codinglair/taf/runtime/core/lifecycle/SessionAwareAccessorTest.java","SessionAwareAccessorTest","singletonFactoryResolvesIsolatedControllersAcrossParallelInvocations()","62","32","test","[]","2","2","True",,"","Screening only: length/depth/copy is not a refactoring mandate"
"codinglair-taf-runtime/codinglair-taf-runtime-core","com.codinglair.taf.runtime.core.lifecycle","codinglair-taf-runtime/codinglair-taf-runtime-core/src/test/java/com/codinglair/taf/runtime/core/lifecycle/TestSessionLifecycleTest.java","TestSessionLifecycleTest","testFailureRemainsPrimaryAndCleanupFailuresAreSuppressedInReverseOrder()","46","24","test","[]","0","0","True",,"","Screening only: length/depth/copy is not a refactoring mandate"
"codinglair-taf-runtime/codinglair-taf-runtime-core","com.codinglair.taf.runtime.core.lifecycle","codinglair-taf-runtime/codinglair-taf-runtime-core/src/test/java/com/codinglair/taf/runtime/core/lifecycle/TestSessionLifecycleTest.java","TestSessionLifecycleTest","parallelInvocationsAreIsolatedAndLeaveNoLeaks()","99","25","test","[]","2","2","True",,"","Screening only: length/depth/copy is not a refactoring mandate"
"codinglair-taf-runtime/codinglair-taf-runtime-core","com.codinglair.taf.runtime.core.precondition","codinglair-taf-runtime/codinglair-taf-runtime-core/src/main/java/com/codinglair/taf/runtime/core/precondition/PreconditionResult.java","PreconditionResult","toString()","397","21","main","[public]","0","0","True",,"","Screening only: length/depth/copy is not a refactoring mandate"
"codinglair-taf-runtime/codinglair-taf-runtime-core","com.codinglair.taf.runtime.core.precondition","codinglair-taf-runtime/codinglair-taf-runtime-core/src/test/java/com/codinglair/taf/runtime/core/precondition/PreconditionResultTest.java","PreconditionResultTest.WithStatusTests","withStatus_preservesCheckedAt()","235","23","test","[]","0","0","True",,"","Screening only: length/depth/copy is not a refactoring mandate"
"codinglair-taf-runtime/codinglair-taf-runtime-core","com.codinglair.taf.runtime.core.preflight","codinglair-taf-runtime/codinglair-taf-runtime-core/src/main/java/com/codinglair/taf/runtime/core/preflight/ConsumerPreflight.java","ConsumerPreflight","inspect()","15","15","main","[public]","3","3","False",,"","Screening only: length/depth/copy is not a refactoring mandate"
"codinglair-taf-runtime/codinglair-taf-runtime-core","com.codinglair.taf.runtime.core.reporting","codinglair-taf-runtime/codinglair-taf-runtime-core/src/main/java/com/codinglair/taf/runtime/core/reporting/ArtifactCollector.java","ArtifactCollector","computeHash(String)","125","12","main","[public]","3","2","False","COPY-005","","DUP-001: reuse existing hash implementation; preserve public entries"
"codinglair-taf-runtime/codinglair-taf-runtime-core","com.codinglair.taf.runtime.core.reporting","codinglair-taf-runtime/codinglair-taf-runtime-core/src/main/java/com/codinglair/taf/runtime/core/reporting/ArtifactCollector.java","ArtifactCollector","toStructuredResult()","224","34","main","[public]","2","1","True",,"","Screening only: length/depth/copy is not a refactoring mandate"
"codinglair-taf-runtime/codinglair-taf-runtime-core","com.codinglair.taf.runtime.core.reporting","codinglair-taf-runtime/codinglair-taf-runtime-core/src/main/java/com/codinglair/taf/runtime/core/reporting/HierarchicalReport.java","HierarchicalReport","event(String, String, ReportLevel, ReportEvent.Phase, String, String, String, Map<String, String>)","83","21","main","[private]","0","0","True",,"","Screening only: length/depth/copy is not a refactoring mandate"
"codinglair-taf-runtime/codinglair-taf-runtime-core","com.codinglair.taf.runtime.core.reporting","codinglair-taf-runtime/codinglair-taf-runtime-core/src/main/java/com/codinglair/taf/runtime/core/reporting/RedactionPipeline.java","RedactionPipeline","redact(String)","51","25","main","[public]","2","1","True",,"","Screening only: length/depth/copy is not a refactoring mandate"
"codinglair-taf-runtime/codinglair-taf-runtime-core","com.codinglair.taf.runtime.core.reporting","codinglair-taf-runtime/codinglair-taf-runtime-core/src/main/java/com/codinglair/taf/runtime/core/reporting/ReportingActionInterceptor.java","ReportingActionInterceptor","invoke(Method, Object[], Callable<Object>)","25","27","main","[public]","8","4","True",,"KISS-020","Selected: see report scope and preservation checks"
"codinglair-taf-runtime/codinglair-taf-runtime-core","com.codinglair.taf.runtime.core.reporting","codinglair-taf-runtime/codinglair-taf-runtime-core/src/main/java/com/codinglair/taf/runtime/core/reporting/ReportingBeanPostProcessor.java","ReportingBeanPostProcessor","postProcessAfterInitialization(Object, String)","24","33","main","[public]","5","3","True",,"KISS-021","Selected: see report scope and preservation checks"
"codinglair-taf-runtime/codinglair-taf-runtime-core","com.codinglair.taf.runtime.core.reporting","codinglair-taf-runtime/codinglair-taf-runtime-core/src/main/java/com/codinglair/taf/runtime/core/reporting/ReportingContext.java","ReportingContext","execute(ReportLevel, String, Callable<T>)","27","16","main","[public]","3","3","False",,"","Screening only: length/depth/copy is not a refactoring mandate"
"codinglair-taf-runtime/codinglair-taf-runtime-core","com.codinglair.taf.runtime.core.reporting","codinglair-taf-runtime/codinglair-taf-runtime-core/src/main/java/com/codinglair/taf/runtime/core/reporting/StructuredResultWriter.java","StructuredResultWriter","writeJson(String, String, String, List<TestStep>, List<TestArtifact>, FailureAnalysis)","36","57","main","[public]","5","2","True",,"KISS-022","Selected: see report scope and preservation checks"
"codinglair-taf-runtime/codinglair-taf-runtime-core","com.codinglair.taf.runtime.core.reporting","codinglair-taf-runtime/codinglair-taf-runtime-core/src/main/java/com/codinglair/taf/runtime/core/reporting/StructuredResultWriter.java","StructuredResultWriter","writeJUnitXml(String, String, String, String, List<TestStep>, FailureAnalysis)","109","46","main","[public]","4","2","True",,"KISS-023","Selected: see report scope and preservation checks"
"codinglair-taf-runtime/codinglair-taf-runtime-core","com.codinglair.taf.runtime.core.reporting","codinglair-taf-runtime/codinglair-taf-runtime-core/src/main/java/com/codinglair/taf/runtime/core/reporting/StructuredResultWriter.java","StructuredResultWriter","escapeJson(String)","162","29","main","[private]","3","2","True",,"","Screening only: length/depth/copy is not a refactoring mandate"
"codinglair-taf-runtime/codinglair-taf-runtime-core","com.codinglair.taf.runtime.core.reporting","codinglair-taf-runtime/codinglair-taf-runtime-core/src/main/java/com/codinglair/taf/runtime/core/reporting/StructuredResultWriter.java","StructuredResultWriter","escapeXml(String)","198","29","main","[private]","3","2","True",,"","Screening only: length/depth/copy is not a refactoring mandate"
"codinglair-taf-runtime/codinglair-taf-runtime-core","com.codinglair.taf.runtime.core.reporting","codinglair-taf-runtime/codinglair-taf-runtime-core/src/main/java/com/codinglair/taf/runtime/core/reporting/StructuredResultWriter.java","StructuredResultWriter","failureJson(FailureAnalysis)","228","26","main","[private]","3","1","True",,"","Screening only: length/depth/copy is not a refactoring mandate"
"codinglair-taf-runtime/codinglair-taf-runtime-core","com.codinglair.taf.runtime.core.reporting","codinglair-taf-runtime/codinglair-taf-runtime-core/src/test/java/com/codinglair/taf/runtime/core/reporting/ArtifactCollectorTest.java","ArtifactCollectorTest","toStructuredResult_createsCorrectStructure()","162","22","test","[]","0","0","True",,"","Screening only: length/depth/copy is not a refactoring mandate"
"codinglair-taf-runtime/codinglair-taf-runtime-core","com.codinglair.taf.runtime.core.reporting","codinglair-taf-runtime/codinglair-taf-runtime-core/src/test/java/com/codinglair/taf/runtime/core/reporting/ArtifactCollectorTest.java","ArtifactCollectorTest","testConcurrentStepAddition()","227","30","test","[]","3","2","True",,"","Screening only: length/depth/copy is not a refactoring mandate"
"codinglair-taf-runtime/codinglair-taf-runtime-core","com.codinglair.taf.runtime.core.reporting","codinglair-taf-runtime/codinglair-taf-runtime-core/src/test/java/com/codinglair/taf/runtime/core/reporting/ArtifactCollectorTest.java","ArtifactCollectorTest","testConcurrentArtifactAddition()","258","31","test","[]","3","2","True",,"","Screening only: length/depth/copy is not a refactoring mandate"
"codinglair-taf-runtime/codinglair-taf-runtime-core","com.codinglair.taf.runtime.core.reporting","codinglair-taf-runtime/codinglair-taf-runtime-core/src/test/java/com/codinglair/taf/runtime/core/reporting/ArtifactCollectorTest.java","ArtifactCollectorTest","testMixedConcurrentOperations()","290","40","test","[]","4","3","True",,"","Screening only: length/depth/copy is not a refactoring mandate"
"codinglair-taf-runtime/codinglair-taf-runtime-core","com.codinglair.taf.runtime.core.reporting","codinglair-taf-runtime/codinglair-taf-runtime-core/src/test/java/com/codinglair/taf/runtime/core/reporting/ArtifactCollectorTest.java","ArtifactCollectorTest","testConcurrentSequenceNumberConsistency()","331","30","test","[]","3","2","True",,"","Screening only: length/depth/copy is not a refactoring mandate"
"codinglair-taf-runtime/codinglair-taf-runtime-core","com.codinglair.taf.runtime.core.reporting","codinglair-taf-runtime/codinglair-taf-runtime-core/src/test/java/com/codinglair/taf/runtime/core/reporting/ArtifactCollectorTest.java","ArtifactCollectorTest","testConcurrentRerunAttempts()","362","30","test","[]","3","2","True",,"","Screening only: length/depth/copy is not a refactoring mandate"
"codinglair-taf-runtime/codinglair-taf-runtime-core","com.codinglair.taf.runtime.core.reporting","codinglair-taf-runtime/codinglair-taf-runtime-core/src/test/java/com/codinglair/taf/runtime/core/reporting/ArtifactCollectorTest.java","ArtifactCollectorTest","testStructuredResultThreadSafety()","393","34","test","[]","2","1","True",,"","Screening only: length/depth/copy is not a refactoring mandate"
"codinglair-taf-runtime/codinglair-taf-runtime-core","com.codinglair.taf.runtime.core.reporting","codinglair-taf-runtime/codinglair-taf-runtime-core/src/test/java/com/codinglair/taf/runtime/core/reporting/FailurePropagationContractTest.java","FailurePropagationContractTest","runtimeJsonJUnitXmlAndReporterUseTheSameAuthoritativeAnalysis()","17","32","test","[]","1","1","True",,"","Screening only: length/depth/copy is not a refactoring mandate"
"codinglair-taf-runtime/codinglair-taf-runtime-core","com.codinglair.taf.runtime.core.reporting","codinglair-taf-runtime/codinglair-taf-runtime-core/src/test/java/com/codinglair/taf/runtime/core/reporting/FailurePropagationContractTest.java","FailurePropagationContractTest","synthetic()","68","8","test","[static]","0","0","False","COPY-012","","Screening only: length/depth/copy is not a refactoring mandate"
"codinglair-taf-runtime/codinglair-taf-runtime-core","com.codinglair.taf.runtime.core.reporting","codinglair-taf-runtime/codinglair-taf-runtime-core/src/test/java/com/codinglair/taf/runtime/core/reporting/HierarchicalReportTest.java","HierarchicalReportTest","recordsGoldenHierarchyExactlyOnceAndSanitizesFailureContext()","14","42","test","[]","4","3","True",,"","Screening only: length/depth/copy is not a refactoring mandate"
"codinglair-taf-runtime/codinglair-taf-runtime-core","com.codinglair.taf.runtime.core.reporting","codinglair-taf-runtime/codinglair-taf-runtime-core/src/test/java/com/codinglair/taf/runtime/core/reporting/HierarchicalReportTest.java","HierarchicalReportTest","everyConsumerLevelAppearsOnceAsACompletedLogicalStep()","66","38","test","[]","2","1","True",,"","Screening only: length/depth/copy is not a refactoring mandate"
"codinglair-taf-runtime/codinglair-taf-runtime-core","com.codinglair.taf.runtime.core.reporting","codinglair-taf-runtime/codinglair-taf-runtime-core/src/test/java/com/codinglair/taf/runtime/core/reporting/ReporterContractTest.java","ReporterContractTest","testReporterFailureDoesNotCorruptCollectorState()","19","62","test","[]","0","0","True",,"","Screening only: length/depth/copy is not a refactoring mandate"
"codinglair-taf-runtime/codinglair-taf-runtime-core","com.codinglair.taf.runtime.core.reporting","codinglair-taf-runtime/codinglair-taf-runtime-core/src/test/java/com/codinglair/taf/runtime/core/reporting/ReporterContractTest.java","ReporterContractTest","testReporterHandlesMultipleFailures()","82","46","test","[]","0","0","True",,"","Screening only: length/depth/copy is not a refactoring mandate"
"codinglair-taf-runtime/codinglair-taf-runtime-core","com.codinglair.taf.runtime.core.reporting","codinglair-taf-runtime/codinglair-taf-runtime-core/src/test/java/com/codinglair/taf/runtime/core/reporting/ReporterContractTest.java","ReporterContractTest","testReporterInterfaceRequiresAllRequiredMethods()","131","44","test","[]","0","0","True",,"","Screening only: length/depth/copy is not a refactoring mandate"
"codinglair-taf-runtime/codinglair-taf-runtime-core","com.codinglair.taf.runtime.core.reporting","codinglair-taf-runtime/codinglair-taf-runtime-core/src/test/java/com/codinglair/taf/runtime/core/reporting/ReporterContractTest.java","ReporterContractTest","testReporterHandlesNullInputs()","176","38","test","[]","0","0","True",,"","Screening only: length/depth/copy is not a refactoring mandate"
"codinglair-taf-runtime/codinglair-taf-runtime-core","com.codinglair.taf.runtime.core.reporting","codinglair-taf-runtime/codinglair-taf-runtime-core/src/test/java/com/codinglair/taf/runtime/core/reporting/ReporterContractTest.java","ReporterContractTest","testReporterSupportsMultipleStepsAndArtifacts()","215","48","test","[]","0","0","True",,"","Screening only: length/depth/copy is not a refactoring mandate"
"codinglair-taf-runtime/codinglair-taf-runtime-core","com.codinglair.taf.runtime.core.reporting","codinglair-taf-runtime/codinglair-taf-runtime-core/src/test/java/com/codinglair/taf/runtime/core/reporting/ReporterContractTest.java","ReporterContractTest","testReporterHandlesExceptionsInBeginTest()","264","37","test","[]","0","0","True",,"","Screening only: length/depth/copy is not a refactoring mandate"
"codinglair-taf-runtime/codinglair-taf-runtime-core","com.codinglair.taf.runtime.core.reporting","codinglair-taf-runtime/codinglair-taf-runtime-core/src/test/java/com/codinglair/taf/runtime/core/reporting/ReporterContractTest.java","ReporterContractTest","testReporterHandlesExceptionsInEndTest()","302","40","test","[]","0","0","True",,"","Screening only: length/depth/copy is not a refactoring mandate"
"codinglair-taf-runtime/codinglair-taf-runtime-core","com.codinglair.taf.runtime.core.reporting","codinglair-taf-runtime/codinglair-taf-runtime-core/src/test/java/com/codinglair/taf/runtime/core/reporting/ReporterContractTest.java","ReporterContractTest","testReporterHandlesExceptionsInReportStep()","343","41","test","[]","0","0","True",,"","Screening only: length/depth/copy is not a refactoring mandate"
"codinglair-taf-runtime/codinglair-taf-runtime-core","com.codinglair.taf.runtime.core.reporting","codinglair-taf-runtime/codinglair-taf-runtime-core/src/test/java/com/codinglair/taf/runtime/core/reporting/ReporterContractTest.java","ReporterContractTest","testReporterHandlesExceptionsInReportArtifact()","385","44","test","[]","0","0","True",,"","Screening only: length/depth/copy is not a refactoring mandate"
"codinglair-taf-runtime/codinglair-taf-runtime-core","com.codinglair.taf.runtime.core.reporting","codinglair-taf-runtime/codinglair-taf-runtime-core/src/test/java/com/codinglair/taf/runtime/core/reporting/ReportingInterceptionTest.java","ReportingInterceptionTest","springManagedWorkflowRetainsPageControllerAndValidationHierarchy()","29","46","test","[]","1","1","True",,"","Screening only: length/depth/copy is not a refactoring mandate"
"codinglair-taf-runtime/codinglair-taf-runtime-core","com.codinglair.taf.runtime.core.reporting","codinglair-taf-runtime/codinglair-taf-runtime-core/src/test/java/com/codinglair/taf/runtime/core/reporting/ReportingInterceptionTest.java","ReportingInterceptionTest","explicitPageActionHasNoArtificialWorkflowAndFailureFinalizesOnce()","76","21","test","[]","1","1","True",,"","Screening only: length/depth/copy is not a refactoring mandate"
"codinglair-taf-runtime/codinglair-taf-runtime-core","com.codinglair.taf.runtime.core.reporting","codinglair-taf-runtime/codinglair-taf-runtime-core/src/test/java/com/codinglair/taf/runtime/core/reporting/ReportingInterceptionTest.java","ReportingInterceptionTest","parallelInvocationsRetainIndependentParentsAndSanitizedValues()","109","39","test","[]","2","2","True",,"","Screening only: length/depth/copy is not a refactoring mandate"
"codinglair-taf-runtime/codinglair-taf-runtime-core","com.codinglair.taf.runtime.core.reporting.abstraction","codinglair-taf-runtime/codinglair-taf-runtime-core/src/main/java/com/codinglair/taf/runtime/core/reporting/abstraction/TestArtifact.java","TestArtifact","computeHash(String)","57","12","main","[public, static]","3","2","False","COPY-005","","DUP-001: reuse existing hash implementation; preserve public entries"
"codinglair-taf-runtime/codinglair-taf-runtime-core","com.codinglair.taf.runtime.core.security","codinglair-taf-runtime/codinglair-taf-runtime-core/src/main/java/com/codinglair/taf/runtime/core/security/ArtifactDownloadTransport.java","ArtifactDownloadTransport","download(URI, Map<String, String>)","70","54","main","[public]","13","5","True",,"KISS-024","Selected: see report scope and preservation checks"
"codinglair-taf-runtime/codinglair-taf-runtime-core","com.codinglair.taf.runtime.core.security","codinglair-taf-runtime/codinglair-taf-runtime-core/src/main/java/com/codinglair/taf/runtime/core/security/BoundedHttpBody.java","BoundedHttpBody","read(InputStream, int, Duration)","15","18","main","[public, static]","5","3","False",,"","Screening only: length/depth/copy is not a refactoring mandate"
"codinglair-taf-runtime/codinglair-taf-runtime-core","com.codinglair.taf.runtime.core.security","codinglair-taf-runtime/codinglair-taf-runtime-core/src/test/java/com/codinglair/taf/runtime/core/security/ArtifactDownloadTransportTest.java","ArtifactDownloadTransportTest","start()","33","39","test","[]","1","1","True",,"","Screening only: length/depth/copy is not a refactoring mandate"
"codinglair-taf-runtime/codinglair-taf-runtime-core","com.codinglair.taf.runtime.core.security","codinglair-taf-runtime/codinglair-taf-runtime-core/src/test/java/com/codinglair/taf/runtime/core/security/BoundedHttpBodyTest.java","BoundedHttpBodyTest","deadline()","30","30","test","[]","0","0","True",,"","Screening only: length/depth/copy is not a refactoring mandate"
"codinglair-taf-runtime/taf-api-rest","com.codinglair.taf.api.rest","codinglair-taf-runtime/taf-api-rest/src/main/java/com/codinglair/taf/api/rest/DefaultRestController.java","DefaultRestController","execute(RestRequest)","71","36","main","[public]","6","2","True",,"","Screening only: length/depth/copy is not a refactoring mandate"
"codinglair-taf-runtime/taf-api-rest","com.codinglair.taf.api.rest","codinglair-taf-runtime/taf-api-rest/src/main/java/com/codinglair/taf/api/rest/DefaultRestController.java","DefaultRestController","await(RestRequest, Predicate<RestResponse>, Duration, Duration)","108","29","main","[public]","4","3","True",,"KISS-025","Selected: see report scope and preservation checks"
"codinglair-taf-runtime/taf-api-rest","com.codinglair.taf.api.rest","codinglair-taf-runtime/taf-api-rest/src/main/java/com/codinglair/taf/api/rest/DefaultRestController.java","DefaultRestController","capture(RestRequest, RestResponse)","151","42","main","[private]","1","1","True",,"KISS-026","Selected: see report scope and preservation checks"
"codinglair-taf-runtime/taf-api-rest","com.codinglair.taf.api.rest","codinglair-taf-runtime/taf-api-rest/src/test/java/com/codinglair/taf/api/rest/RestControllerWireMockTest.java","RestControllerWireMockTest.ProtocolBehavior","success()","39","25","test","[]","0","0","True",,"","Screening only: length/depth/copy is not a refactoring mandate"
"codinglair-taf-runtime/taf-api-rest","com.codinglair.taf.api.rest","codinglair-taf-runtime/taf-api-rest/src/test/java/com/codinglair/taf/api/rest/RestControllerWireMockTest.java","RestControllerWireMockTest.ProtocolBehavior","polling()","76","21","test","[]","0","0","True",,"","Screening only: length/depth/copy is not a refactoring mandate"
"codinglair-taf-runtime/taf-api-soap","com.codinglair.taf.api.soap","codinglair-taf-runtime/taf-api-soap/src/main/java/com/codinglair/taf/api/soap/DefaultSoapController.java","DefaultSoapController","exchange(SoapRequest)","68","62","main","[public]","9","2","True",,"KISS-027","Selected: see report scope and preservation checks"
"codinglair-taf-runtime/taf-api-soap","com.codinglair.taf.api.soap","codinglair-taf-runtime/taf-api-soap/src/main/java/com/codinglair/taf/api/soap/DefaultSoapController.java","DefaultSoapController","capture(String, SoapResponse)","131","35","main","[private]","0","0","True",,"","Screening only: length/depth/copy is not a refactoring mandate"
"codinglair-taf-runtime/taf-api-soap","com.codinglair.taf.api.soap","codinglair-taf-runtime/taf-api-soap/src/main/java/com/codinglair/taf/api/soap/DefaultSoapController.java","DefaultSoapController","multipart(String, SoapRequest, String)","167","31","main","[private, static]","3","2","True",,"","Screening only: length/depth/copy is not a refactoring mandate"
"codinglair-taf-runtime/taf-api-soap","com.codinglair.taf.api.soap","codinglair-taf-runtime/taf-api-soap/src/main/java/com/codinglair/taf/api/soap/DefaultSoapController.java","DefaultSoapController","parseResponse(HttpResponse<byte[]>)","199","32","main","[private, static]","8","3","True",,"KISS-028","Selected: see report scope and preservation checks"
"codinglair-taf-runtime/taf-api-soap","com.codinglair.taf.api.soap","codinglair-taf-runtime/taf-api-soap/src/main/java/com/codinglair/taf/api/soap/SecretReferenceCallbackHandler.java","SecretReferenceCallbackHandler","handle(Callback[])","26","18","main","[public]","5","3","False",,"","Screening only: length/depth/copy is not a refactoring mandate"
"codinglair-taf-runtime/taf-api-soap","com.codinglair.taf.api.soap","codinglair-taf-runtime/taf-api-soap/src/main/java/com/codinglair/taf/api/soap/SoapAutoConfiguration.java","SoapAutoConfiguration","soapPreflightContributor(SoapProperties)","48","9","main","[]","1","1","False","COPY-008","","Screening only: length/depth/copy is not a refactoring mandate"
"codinglair-taf-runtime/taf-api-soap","com.codinglair.taf.api.soap","codinglair-taf-runtime/taf-api-soap/src/main/java/com/codinglair/taf/api/soap/SoapXml.java","SoapXml","canonical(Node)","143","34","main","[private, static]","5","2","True",,"","Screening only: length/depth/copy is not a refactoring mandate"
"codinglair-taf-runtime/taf-api-soap","com.codinglair.taf.api.soap","codinglair-taf-runtime/taf-api-soap/src/main/java/com/codinglair/taf/api/soap/UsernameTokenSecurity.java","UsernameTokenSecurity","secure(Document)","29","23","main","[public]","2","1","True",,"","Screening only: length/depth/copy is not a refactoring mandate"
"codinglair-taf-runtime/taf-api-soap","com.codinglair.taf.api.soap","codinglair-taf-runtime/taf-api-soap/src/test/java/com/codinglair/taf/api/soap/GeneratedClientLifecycleTest.java","GeneratedClientLifecycleTest","configuresSignature()","34","23","test","[]","0","0","True",,"","Screening only: length/depth/copy is not a refactoring mandate"
"codinglair-taf-runtime/taf-api-soap","com.codinglair.taf.api.soap","codinglair-taf-runtime/taf-api-soap/src/test/java/com/codinglair/taf/api/soap/SoapControllerIntegrationTest.java","SoapControllerIntegrationTest.Versions","soap12Fault()","52","21","test","[]","0","0","True",,"","Screening only: length/depth/copy is not a refactoring mandate"
"codinglair-taf-runtime/taf-api-soap","com.codinglair.taf.api.soap","codinglair-taf-runtime/taf-api-soap/src/test/java/com/codinglair/taf/api/soap/SoapControllerIntegrationTest.java","SoapControllerIntegrationTest","attachments()","75","28","test","[]","0","0","True",,"","Screening only: length/depth/copy is not a refactoring mandate"
"codinglair-taf-runtime/taf-api-soap","com.codinglair.taf.api.soap","codinglair-taf-runtime/taf-api-soap/src/test/java/com/codinglair/taf/api/soap/SoapControllerIntegrationTest.java","SoapControllerIntegrationTest","securityEvidenceIsSanitized()","104","34","test","[]","0","0","True",,"","Screening only: length/depth/copy is not a refactoring mandate"
"codinglair-taf-runtime/taf-api-soap","com.codinglair.taf.api.soap","codinglair-taf-runtime/taf-api-soap/src/test/java/com/codinglair/taf/api/soap/SoapControllerIntegrationTest.java","SoapControllerIntegrationTest","exchange(String, String)","139","22","test","[private]","0","0","True",,"","Screening only: length/depth/copy is not a refactoring mandate"
"codinglair-taf-runtime/taf-api-soap","com.codinglair.taf.api.soap","codinglair-taf-runtime/taf-api-soap/src/test/java/com/codinglair/taf/api/soap/SoapControllerLifecycleTest.java","SoapControllerLifecycleTest","server(String, Duration)","112","27","test","[private]","3","2","True",,"","Screening only: length/depth/copy is not a refactoring mandate"
"codinglair-taf-runtime/taf-api-soap","com.codinglair.taf.api.soap","codinglair-taf-runtime/taf-api-soap/src/test/java/com/codinglair/taf/api/soap/UsernameTokenSecurityTest.java","UsernameTokenSecurityTest","resolvesTransiently()","14","28","test","[]","0","0","True",,"","Screening only: length/depth/copy is not a refactoring mandate"
"codinglair-taf-runtime/taf-consumer-conformance","com.codinglair.taf.conformance","codinglair-taf-runtime/taf-consumer-conformance/src/main/java/com/codinglair/taf/conformance/ConsumerProjectValidator.java","ConsumerProjectValidator","validateReportOutput(Path)","65","46","main","[public]","5","3","True",,"","Screening only: length/depth/copy is not a refactoring mandate"
"codinglair-taf-runtime/taf-consumer-conformance","com.codinglair.taf.conformance","codinglair-taf-runtime/taf-consumer-conformance/src/main/java/com/codinglair/taf/conformance/ConsumerProjectValidator.java","ConsumerProjectValidator","validateDescriptor(Path, BlueprintDescriptor, List<ConformanceViolation>)","135","46","main","[private, static]","5","1","True",,"","Screening only: length/depth/copy is not a refactoring mandate"
"codinglair-taf-runtime/taf-consumer-conformance","com.codinglair.taf.conformance","codinglair-taf-runtime/taf-consumer-conformance/src/main/java/com/codinglair/taf/conformance/ConsumerProjectValidator.java","ConsumerProjectValidator","validatePom(Path, BlueprintDescriptor, List<ConformanceViolation>)","200","41","main","[private, static]","6","2","True",,"","Screening only: length/depth/copy is not a refactoring mandate"
"codinglair-taf-runtime/taf-consumer-conformance","com.codinglair.taf.conformance","codinglair-taf-runtime/taf-consumer-conformance/src/main/java/com/codinglair/taf/conformance/ConsumerProjectValidator.java","ConsumerProjectValidator","validateSpringResources(Path, List<ConformanceViolation>)","242","39","main","[private, static]","6","3","True",,"","Screening only: length/depth/copy is not a refactoring mandate"
"codinglair-taf-runtime/taf-consumer-conformance","com.codinglair.taf.conformance","codinglair-taf-runtime/taf-consumer-conformance/src/main/java/com/codinglair/taf/conformance/ConsumerProjectValidator.java","ConsumerProjectValidator","validateSources(Path, BlueprintDescriptor, List<ConformanceViolation>)","282","67","main","[private, static]","6","2","True",,"KISS-029","Selected: see report scope and preservation checks"
"codinglair-taf-runtime/taf-consumer-conformance","com.codinglair.taf.conformance","codinglair-taf-runtime/taf-consumer-conformance/src/main/java/com/codinglair/taf/conformance/ConsumerProjectValidator.java","ConsumerProjectValidator","requireExtension(Path, String, String, List<ConformanceViolation>)","382","19","main","[private, static]","4","3","False",,"","Screening only: length/depth/copy is not a refactoring mandate"
"codinglair-taf-runtime/taf-consumer-conformance","com.codinglair.taf.conformance","codinglair-taf-runtime/taf-consumer-conformance/src/main/java/com/codinglair/taf/conformance/ConsumerProjectValidator.java","ConsumerProjectValidator","validatePropertyAuthority(Path, List<ConformanceViolation>)","402","29","main","[private, static]","6","3","True",,"","Screening only: length/depth/copy is not a refactoring mandate"
"codinglair-taf-runtime/taf-consumer-conformance","com.codinglair.taf.conformance","codinglair-taf-runtime/taf-consumer-conformance/src/main/java/com/codinglair/taf/conformance/ConsumerProjectValidator.java","ConsumerProjectValidator","yamlKeyList(String)","448","22","main","[private, static]","6","4","True",,"","Screening only: length/depth/copy is not a refactoring mandate"
"codinglair-taf-runtime/taf-consumer-conformance","com.codinglair.taf.conformance","codinglair-taf-runtime/taf-consumer-conformance/src/main/java/com/codinglair/taf/conformance/ConsumerProjectValidator.java","ConsumerProjectValidator","validateFeatureTraceability(Path, List<ConformanceViolation>)","521","47","main","[private, static]","7","3","True",,"KISS-030","Selected: see report scope and preservation checks"
"codinglair-taf-runtime/taf-consumer-conformance","com.codinglair.taf.conformance","codinglair-taf-runtime/taf-consumer-conformance/src/main/java/com/codinglair/taf/conformance/JavaSourceRules.java","JavaSourceRules","inspect(Path, String, boolean)","65","27","main","[static]","4","2","True",,"","Screening only: length/depth/copy is not a refactoring mandate"
"codinglair-taf-runtime/taf-consumer-conformance","com.codinglair.taf.conformance","codinglair-taf-runtime/taf-consumer-conformance/src/test/java/com/codinglair/taf/conformance/BlueprintCompositionContractTest.java","BlueprintCompositionContractTest.LegacyInventory","accountsForEveryVersionedBlueprintFile()","35","27","test","[]","1","1","True",,"","Screening only: length/depth/copy is not a refactoring mandate"
"codinglair-taf-runtime/taf-consumer-conformance","com.codinglair.taf.conformance","codinglair-taf-runtime/taf-consumer-conformance/src/test/java/com/codinglair/taf/conformance/BlueprintCompositionContractTest.java","BlueprintCompositionContractTest.VersionedSchemas","definesContributionOwnershipAndMergeRules()","102","25","test","[]","0","0","True",,"","Screening only: length/depth/copy is not a refactoring mandate"
"codinglair-taf-runtime/taf-consumer-conformance","com.codinglair.taf.conformance","codinglair-taf-runtime/taf-consumer-conformance/src/test/java/com/codinglair/taf/conformance/BlueprintCompositionContractTest.java","BlueprintCompositionContractTest","repositoryRoot()","169","9","test","[private, static]","2","2","False","COPY-007","","Screening only: length/depth/copy is not a refactoring mandate"
"codinglair-taf-runtime/taf-consumer-conformance","com.codinglair.taf.conformance","codinglair-taf-runtime/taf-consumer-conformance/src/test/java/com/codinglair/taf/conformance/ConsumerProjectValidatorTest.java","ConsumerProjectValidatorTest","deliberatelyConformingGoldenFixturePassesAndIsConcurrent()","17","25","test","[]","3","3","True",,"","Screening only: length/depth/copy is not a refactoring mandate"
"codinglair-taf-runtime/taf-consumer-conformance","com.codinglair.taf.conformance","codinglair-taf-runtime/taf-consumer-conformance/src/test/java/com/codinglair/taf/conformance/ConsumerProjectValidatorTest.java","ConsumerProjectValidatorTest","invalidFixturesDetectEveryAssignmentCategory()","43","43","test","[]","0","0","True",,"","Screening only: length/depth/copy is not a refactoring mandate"
"codinglair-taf-runtime/taf-consumer-conformance","com.codinglair.taf.conformance","codinglair-taf-runtime/taf-consumer-conformance/src/test/java/com/codinglair/taf/conformance/ConsumerProjectValidatorTest.java","ConsumerProjectValidatorTest","sad18StructuralRulesRejectDeterministicViolations()","151","43","test","[]","0","0","True",,"","Screening only: length/depth/copy is not a refactoring mandate"
"codinglair-taf-runtime/taf-consumer-conformance","com.codinglair.taf.conformance","codinglair-taf-runtime/taf-consumer-conformance/src/test/java/com/codinglair/taf/conformance/ConsumerProjectValidatorTest.java","ConsumerProjectValidatorTest","duplicateProfilesPropertiesAndUnresolvedCucumberIdsAreRejected()","231","23","test","[]","0","0","True",,"","Screening only: length/depth/copy is not a refactoring mandate"
"codinglair-taf-runtime/taf-consumer-conformance","com.codinglair.taf.conformance","codinglair-taf-runtime/taf-consumer-conformance/src/test/java/com/codinglair/taf/conformance/ConsumerProjectValidatorTest.java","ConsumerProjectValidatorTest","fixture(String)","255","60","test","[private]","0","0","True",,"","Screening only: length/depth/copy is not a refactoring mandate"
"codinglair-taf-runtime/taf-consumer-conformance","com.codinglair.taf.conformance","codinglair-taf-runtime/taf-consumer-conformance/src/test/java/com/codinglair/taf/conformance/DeterministicCapabilityIntegrationGateTest.java","DeterministicCapabilityIntegrationGateTest.PublishedArtifactHygiene","runtimeJarsExcludeInternalTests()","42","48","test","[]","7","3","True",,"","Screening only: length/depth/copy is not a refactoring mandate"
"codinglair-taf-runtime/taf-consumer-conformance","com.codinglair.taf.conformance","codinglair-taf-runtime/taf-consumer-conformance/src/test/java/com/codinglair/taf/conformance/DeterministicCapabilityIntegrationGateTest.java","DeterministicCapabilityIntegrationGateTest.MultiChannelComposition","composesFourCapabilitiesInOneSession()","96","33","test","[]","1","1","True",,"","Screening only: length/depth/copy is not a refactoring mandate"
"codinglair-taf-runtime/taf-consumer-conformance","com.codinglair.taf.conformance","codinglair-taf-runtime/taf-consumer-conformance/src/test/java/com/codinglair/taf/conformance/MessagingStarterContextTest.java","MessagingStarterContextTest.MaximalProviderComposition","allProvidersCompose()","60","33","test","[]","1","1","True",,"","Screening only: length/depth/copy is not a refactoring mandate"
"codinglair-taf-runtime/taf-consumer-conformance","com.codinglair.taf.conformance","codinglair-taf-runtime/taf-consumer-conformance/src/test/java/com/codinglair/taf/conformance/StarterCapabilityManifestTest.java","StarterCapabilityManifestTest.AuthoritativeMappings","mobileSelections()","37","21","test","[]","0","0","True",,"","Screening only: length/depth/copy is not a refactoring mandate"
"codinglair-taf-runtime/taf-consumer-conformance","com.codinglair.taf.conformance","codinglair-taf-runtime/taf-consumer-conformance/src/test/java/com/codinglair/taf/conformance/StarterCapabilityManifestTest.java","StarterCapabilityManifestTest.AuthoritativeMappings","mapsEveryCapabilityAndProviderToOneUniqueStarter()","59","32","test","[]","0","0","True",,"","Screening only: length/depth/copy is not a refactoring mandate"
"codinglair-taf-runtime/taf-consumer-conformance","com.codinglair.taf.conformance","codinglair-taf-runtime/taf-consumer-conformance/src/test/java/com/codinglair/taf/conformance/StarterCapabilityManifestTest.java","StarterCapabilityManifestTest.MessagingIsolation","keepsGenericStarterProviderNeutral()","96","23","test","[]","0","0","True",,"","Screening only: length/depth/copy is not a refactoring mandate"
"codinglair-taf-runtime/taf-consumer-conformance","com.codinglair.taf.conformance","codinglair-taf-runtime/taf-consumer-conformance/src/test/java/com/codinglair/taf/conformance/StarterCapabilityManifestTest.java","StarterCapabilityManifestTest.MessagingIsolation","materializesMessagingStarters()","120","29","test","[]","1","1","True",,"","Screening only: length/depth/copy is not a refactoring mandate"
"codinglair-taf-runtime/taf-consumer-conformance","com.codinglair.taf.conformance","codinglair-taf-runtime/taf-consumer-conformance/src/test/java/com/codinglair/taf/conformance/StarterCapabilityManifestTest.java","StarterCapabilityManifestTest.BomAndArchitectureBoundaries","materializesEveryNonMessagingStarterFromTheManifest()","154","24","test","[]","2","2","True",,"","Screening only: length/depth/copy is not a refactoring mandate"
"codinglair-taf-runtime/taf-consumer-conformance","com.codinglair.taf.conformance","codinglair-taf-runtime/taf-consumer-conformance/src/test/java/com/codinglair/taf/conformance/StarterCapabilityManifestTest.java","StarterCapabilityManifestTest","directDependencyArtifacts(Path)","250","22","test","[private, static]","5","2","True",,"","Screening only: length/depth/copy is not a refactoring mandate"
"codinglair-taf-runtime/taf-consumer-conformance","com.codinglair.taf.conformance","codinglair-taf-runtime/taf-consumer-conformance/src/test/java/com/codinglair/taf/conformance/StarterCapabilityManifestTest.java","StarterCapabilityManifestTest","repositoryRoot()","289","9","test","[private, static]","2","2","False","COPY-007","","Screening only: length/depth/copy is not a refactoring mandate"
"codinglair-taf-runtime/taf-consumer-conformance","com.codinglair.taf.conformance","codinglair-taf-runtime/taf-consumer-conformance/src/test/java/com/codinglair/taf/conformance/TopLevelStarterContextTest.java","TopLevelStarterContextTest.WebStarterIsolation","webStarter()","33","22","test","[]","1","1","True",,"","Screening only: length/depth/copy is not a refactoring mandate"
"codinglair-taf-runtime/taf-consumer-conformance","com.codinglair.taf.conformance","codinglair-taf-runtime/taf-consumer-conformance/src/test/java/com/codinglair/taf/conformance/TopLevelStarterContextTest.java","TopLevelStarterContextTest.ApiStarterIsolation","apiStarter()","62","22","test","[]","1","1","True",,"","Screening only: length/depth/copy is not a refactoring mandate"
"codinglair-taf-runtime/taf-consumer-conformance","com.codinglair.taf.conformance","codinglair-taf-runtime/taf-consumer-conformance/src/test/java/com/codinglair/taf/conformance/TopLevelStarterContextTest.java","TopLevelStarterContextTest.DatabaseStarterIsolation","databaseStarter()","91","22","test","[]","1","1","True",,"","Screening only: length/depth/copy is not a refactoring mandate"
"codinglair-taf-runtime/taf-consumer-conformance","com.codinglair.taf.conformance","codinglair-taf-runtime/taf-consumer-conformance/src/test/java/com/codinglair/taf/conformance/TopLevelStarterContextTest.java","TopLevelStarterContextTest.MobileStarterIsolation","mobileStarter()","120","24","test","[]","1","1","True",,"","Screening only: length/depth/copy is not a refactoring mandate"
"codinglair-taf-runtime/taf-consumer-conformance","com.codinglair.taf.conformance","codinglair-taf-runtime/taf-consumer-conformance/src/test/java/com/codinglair/taf/conformance/TopLevelStarterContextTest.java","TopLevelStarterContextTest.CombinedStarterComposition","allStartersShareOneSessionFactory()","159","35","test","[]","1","1","True",,"","Screening only: length/depth/copy is not a refactoring mandate"
"codinglair-taf-runtime/taf-contracts","com.codinglair.taf.contracts","codinglair-taf-runtime/taf-contracts/src/main/java/com/codinglair/taf/contracts/AsyncApiContractAdapter.java","AsyncApiContractAdapter","generate(ContractScaffoldRequest, JsonNode)","34","34","main","[protected]","0","0","True",,"","Screening only: length/depth/copy is not a refactoring mandate"
"codinglair-taf-runtime/taf-contracts","com.codinglair.taf.contracts","codinglair-taf-runtime/taf-contracts/src/main/java/com/codinglair/taf/contracts/OpenApiContractAdapter.java","OpenApiContractAdapter","generate(ContractScaffoldRequest, JsonNode)","33","34","main","[protected]","0","0","True",,"","Screening only: length/depth/copy is not a refactoring mandate"
"codinglair-taf-runtime/taf-contracts","com.codinglair.taf.contracts","codinglair-taf-runtime/taf-contracts/src/main/java/com/codinglair/taf/contracts/OpenApiRestContractValidator.java","OpenApiRestContractValidator","validate(RestRequest, RestResponse)","28","22","main","[public]","3","1","True",,"","Screening only: length/depth/copy is not a refactoring mandate"
"codinglair-taf-runtime/taf-contracts","com.codinglair.taf.contracts","codinglair-taf-runtime/taf-contracts/src/main/java/com/codinglair/taf/contracts/OpenApiRestContractValidator.java","OpenApiRestContractValidator","parse(String)","74","12","main","[private, static]","4","4","False",,"","Screening only: length/depth/copy is not a refactoring mandate"
"codinglair-taf-runtime/taf-contracts","com.codinglair.taf.contracts","codinglair-taf-runtime/taf-contracts/src/test/java/com/codinglair/taf/contracts/GeneratedScaffoldCompilationTest.java","GeneratedScaffoldCompilationTest","compileAgainstRuntime()","18","44","test","[]","0","0","True",,"","Screening only: length/depth/copy is not a refactoring mandate"
"codinglair-taf-runtime/taf-contracts","com.codinglair.taf.contracts","codinglair-taf-runtime/taf-contracts/src/test/java/com/codinglair/taf/contracts/OpenApiRestContractValidatorTest.java","OpenApiRestContractValidatorTest","undeclaredExchange()","29","24","test","[]","0","0","True",,"","Screening only: length/depth/copy is not a refactoring mandate"
"codinglair-taf-runtime/taf-contracts","com.codinglair.taf.contracts","codinglair-taf-runtime/taf-contracts/src/test/java/com/codinglair/taf/contracts/StructuredContractAdapterTest.java","StructuredContractAdapterTest.Validation","fixtures(String, ContractFormat, boolean)","22","25","test","[]","1","1","True",,"","Screening only: length/depth/copy is not a refactoring mandate"
"codinglair-taf-runtime/taf-contracts","com.codinglair.taf.contracts","codinglair-taf-runtime/taf-contracts/src/test/java/com/codinglair/taf/contracts/StructuredContractAdapterTest.java","StructuredContractAdapterTest.ProviderBoundaries","failureIsolation()","75","30","test","[]","0","0","True",,"","Screening only: length/depth/copy is not a refactoring mandate"
"codinglair-taf-runtime/taf-data-migration","com.codinglair.taf.migration","codinglair-taf-runtime/taf-data-migration/src/main/java/com/codinglair/taf/migration/ContainerizedMongoDataMigrationManager.java","ContainerizedMongoDataMigrationManager","execute(MigrationRequest)","58","37","main","[public]","8","2","True",,"","Screening only: length/depth/copy is not a refactoring mandate"
"codinglair-taf-runtime/taf-data-migration","com.codinglair.taf.migration","codinglair-taf-runtime/taf-data-migration/src/main/java/com/codinglair/taf/migration/ContainerizedMongoDataMigrationManager.java","ContainerizedMongoDataMigrationManager","map(MigrationRequest, String, MongoMigrationJobResult)","120","37","main","[private]","7","2","True",,"","Screening only: length/depth/copy is not a refactoring mandate"
"codinglair-taf-runtime/taf-data-migration","com.codinglair.taf.migration","codinglair-taf-runtime/taf-data-migration/src/main/java/com/codinglair/taf/migration/DataMigrationAutoConfiguration.java","DataMigrationAutoConfiguration","dataMigrationManager(SutConnectionRegistry, JdbcConnectionFactory, MigrationAuthorization, MongoContainerMigrationProperties, ObjectProvider<ObjectMapper>, ObjectProvider<MongoContextDestroyer>)","44","26","main","[]","2","1","True",,"","Screening only: length/depth/copy is not a refactoring mandate"
"codinglair-taf-runtime/taf-data-migration","com.codinglair.taf.migration","codinglair-taf-runtime/taf-data-migration/src/main/java/com/codinglair/taf/migration/DataMigrationAutoConfiguration.java","DataMigrationAutoConfiguration","migrationPreflightContributor(MigrationProperties, SutConnectionRegistry, DataMigrationManager, Environment)","99","35","main","[]","4","2","True",,"","Screening only: length/depth/copy is not a refactoring mandate"
"codinglair-taf-runtime/taf-data-migration","com.codinglair.taf.migration","codinglair-taf-runtime/taf-data-migration/src/main/java/com/codinglair/taf/migration/FlywayDataMigrationManager.java","FlywayDataMigrationManager","execute(MigrationRequest)","40","45","main","[public]","10","3","True",,"KISS-031","Selected: see report scope and preservation checks"
"codinglair-taf-runtime/taf-data-migration","com.codinglair.taf.migration","codinglair-taf-runtime/taf-data-migration/src/main/java/com/codinglair/taf/migration/TestcontainersMongoMigrationJobExecutor.java","TestcontainersMongoMigrationJobExecutor","configured(MongoMigrationJob)","45","36","main","[static]","2","1","True",,"","Screening only: length/depth/copy is not a refactoring mandate"
"codinglair-taf-runtime/taf-data-migration","com.codinglair.taf.migration","codinglair-taf-runtime/taf-data-migration/src/test/java/com/codinglair/taf/migration/ContainerizedMongoDataMigrationManagerTest.java","ContainerizedMongoDataMigrationManagerTest","mapsSuccessfulMigrateAndBuildsHardenedDigestPinnedRequest()","20","21","test","[]","0","0","True",,"","Screening only: length/depth/copy is not a refactoring mandate"
"codinglair-taf-runtime/taf-data-migration","com.codinglair.taf.migration","codinglair-taf-runtime/taf-data-migration/src/test/java/com/codinglair/taf/migration/ContainerizedMongoDataMigrationManagerTest.java","ContainerizedMongoDataMigrationManagerTest","rejectsInvalidJsonNonZeroExitOversizedOutputAndExternalTargets()","50","28","test","[]","0","0","True",,"","Screening only: length/depth/copy is not a refactoring mandate"
"codinglair-taf-runtime/taf-data-migration","com.codinglair.taf.migration","codinglair-taf-runtime/taf-data-migration/src/test/java/com/codinglair/taf/migration/ContainerizedMongoDataMigrationManagerTest.java","ContainerizedMongoDataMigrationManagerTest","rejectsMutableImageTlsAndUnknownStructuredFields()","79","24","test","[]","0","0","True",,"","Screening only: length/depth/copy is not a refactoring mandate"
"codinglair-taf-runtime/taf-data-migration","com.codinglair.taf.migration","codinglair-taf-runtime/taf-data-migration/src/test/java/com/codinglair/taf/migration/ContainerizedMongoMigrationIntegrationTest.java","ContainerizedMongoMigrationIntegrationTest","frameworkAndConsumerHistoriesRunConcurrentlyAndRemainIsolated()","41","54","test","[]","2","2","True",,"","Screening only: length/depth/copy is not a refactoring mandate"
"codinglair-taf-runtime/taf-data-migration","com.codinglair.taf.migration","codinglair-taf-runtime/taf-data-migration/src/test/java/com/codinglair/taf/migration/ContainerizedMongoMigrationIntegrationTest.java","ContainerizedMongoMigrationIntegrationTest","migratesAndValidatesOnAnInternalNetworkWithNoJobLeftRunning()","113","46","test","[]","1","1","True",,"","Screening only: length/depth/copy is not a refactoring mandate"
"codinglair-taf-runtime/taf-data-migration","com.codinglair.taf.migration","codinglair-taf-runtime/taf-data-migration/src/test/java/com/codinglair/taf/migration/ContainerSecurityControlsVerificationTest.java","ContainerSecurityControlsVerificationTest","dockerInspectProvesAllSecurityAndEgressControls()","32","61","test","[]","1","1","True",,"","Screening only: length/depth/copy is not a refactoring mandate"
"codinglair-taf-runtime/taf-data-migration","com.codinglair.taf.migration","codinglair-taf-runtime/taf-data-migration/src/test/java/com/codinglair/taf/migration/DataMigrationAutoConfigurationTest.java","DataMigrationAutoConfigurationTest.Conditions","externalDenied()","58","22","test","[]","0","0","True",,"","Screening only: length/depth/copy is not a refactoring mandate"
"codinglair-taf-runtime/taf-data-migration","com.codinglair.taf.migration","codinglair-taf-runtime/taf-data-migration/src/test/java/com/codinglair/taf/migration/MigrationFailureCleanupTest.java","MigrationFailureCleanupTest.FailureCleanup","failedMigrationTracksContext()","30","33","test","[]","0","0","True",,"","Screening only: length/depth/copy is not a refactoring mandate"
"codinglair-taf-runtime/taf-data-migration","com.codinglair.taf.migration","codinglair-taf-runtime/taf-data-migration/src/test/java/com/codinglair/taf/migration/MigrationFailureCleanupTest.java","MigrationFailureCleanupTest.FailureCleanup","cleanupReturnsTrueWhenContextExists()","64","23","test","[]","0","0","True",,"","Screening only: length/depth/copy is not a refactoring mandate"
"codinglair-taf-runtime/taf-data-migration","com.codinglair.taf.migration","codinglair-taf-runtime/taf-data-migration/src/test/java/com/codinglair/taf/migration/MongoMigrationCoordinatorTest.java","MongoMigrationCoordinatorTest","serializesSameTargetAndAllowsDifferentTargets()","13","51","test","[]","2","1","True",,"","Screening only: length/depth/copy is not a refactoring mandate"
"codinglair-taf-runtime/taf-data-migration","com.codinglair.taf.migration","codinglair-taf-runtime/taf-data-migration/src/test/java/com/codinglair/taf/migration/PostgresqlFlywayCompatibilityTest.java","PostgresqlFlywayCompatibilityTest","independentHistories()","63","29","test","[]","0","0","True",,"","Screening only: length/depth/copy is not a refactoring mandate"
"codinglair-taf-runtime/taf-data-migration","com.codinglair.taf.migration","codinglair-taf-runtime/taf-data-migration/src/test/java/com/codinglair/taf/migration/PostgresqlFlywayCompatibilityTest.java","PostgresqlFlywayCompatibilityTest","checksumDrift()","93","27","test","[]","0","0","True",,"","Screening only: length/depth/copy is not a refactoring mandate"
"codinglair-taf-runtime/taf-data-migration","com.codinglair.taf.migration","codinglair-taf-runtime/taf-data-migration/src/test/java/com/codinglair/taf/migration/TwoHistoryIsolationTest.java","TwoHistoryIsolationTest.ParallelMigrations","historiesAreIsolated()","28","45","test","[]","0","0","True",,"","Screening only: length/depth/copy is not a refactoring mandate"
"codinglair-taf-runtime/taf-data-migration","com.codinglair.taf.migration","codinglair-taf-runtime/taf-data-migration/src/test/java/com/codinglair/taf/migration/TwoHistoryIsolationTest.java","TwoHistoryIsolationTest.ParallelMigrations","parallelExecutionDoesNotInterfere()","74","56","test","[]","0","0","True",,"","Screening only: length/depth/copy is not a refactoring mandate"
"codinglair-taf-runtime/taf-data-migration","com.codinglair.taf.migration","codinglair-taf-runtime/taf-data-migration/src/test/java/com/codinglair/taf/migration/TwoHistoryIsolationTest.java","TwoHistoryIsolationTest.ParallelMigrations","differentHistoriesDoNotSerialize()","131","39","test","[]","0","0","True",,"","Screening only: length/depth/copy is not a refactoring mandate"
"codinglair-taf-runtime/taf-database","com.codinglair.taf.database","codinglair-taf-runtime/taf-database/src/main/java/com/codinglair/taf/database/DatabaseAutoConfiguration.java","DatabaseAutoConfiguration","databasePreflightContributor(SutConnectionRegistry, ObjectProvider<SecretManager>)","62","29","main","[]","5","5","True",,"","Screening only: length/depth/copy is not a refactoring mandate"
"codinglair-taf-runtime/taf-database","com.codinglair.taf.database","codinglair-taf-runtime/taf-database/src/main/java/com/codinglair/taf/database/DefaultDatabaseController.java","DefaultDatabaseController","transaction(Function<JdbcTransaction, T>)","108","25","main","[public]","7","5","True",,"KISS-032","Selected: see report scope and preservation checks"
"codinglair-taf-runtime/taf-database","com.codinglair.taf.database","codinglair-taf-runtime/taf-database/src/main/java/com/codinglair/taf/database/DefaultDatabaseController.java","DefaultDatabaseController","close()","146","23","main","[public]","9","4","True",,"KISS-033","Selected: see report scope and preservation checks"
"codinglair-taf-runtime/taf-database","com.codinglair.taf.database","codinglair-taf-runtime/taf-database/src/main/java/com/codinglair/taf/database/DefaultDatabaseController.java","DefaultDatabaseController","read(ResultSet)","206","17","main","[private]","3","3","False",,"","Screening only: length/depth/copy is not a refactoring mandate"
"codinglair-taf-runtime/taf-database","com.codinglair.taf.database","codinglair-taf-runtime/taf-database/src/main/java/com/codinglair/taf/database/SutConnectionDescriptor.java","SutConnectionDescriptor","<init>(String, String, String, String, String, ConnectionMode, DatabaseAccess, Duration, CleanupPolicy, boolean, boolean, Set<String>, String)","24","30","main","[public]","10","1","True",,"","Screening only: length/depth/copy is not a refactoring mandate"
"codinglair-taf-runtime/taf-database","com.codinglair.taf.database","codinglair-taf-runtime/taf-database/src/test/java/com/codinglair/taf/database/ArchitectureBoundaryTest.java","ArchitectureBoundaryTest","preservesBoundaries()","12","29","test","[]","3","3","True",,"","Screening only: length/depth/copy is not a refactoring mandate"
"codinglair-taf-runtime/taf-database","com.codinglair.taf.database","codinglair-taf-runtime/taf-database/src/test/java/com/codinglair/taf/database/DatabaseAutoConfigurationTest.java","DatabaseAutoConfigurationTest.Conditions","registeredRegistry()","50","38","test","[]","0","0","True",,"","Screening only: length/depth/copy is not a refactoring mandate"
"codinglair-taf-runtime/taf-database","com.codinglair.taf.database","codinglair-taf-runtime/taf-database/src/test/java/com/codinglair/taf/database/DatabaseControllerMockTest.java","DatabaseControllerMockTest.Authorization","rejectsBeforeExecution()","22","22","test","[]","1","1","True",,"","Screening only: length/depth/copy is not a refactoring mandate"
"codinglair-taf-runtime/taf-database","com.codinglair.taf.database","codinglair-taf-runtime/taf-database/src/test/java/com/codinglair/taf/database/PostgresqlDatabaseControllerTest.java","PostgresqlDatabaseControllerTest.Operations","selectsTwoNamedControllers()","46","22","test","[]","1","1","True",,"","Screening only: length/depth/copy is not a refactoring mandate"
"codinglair-taf-runtime/taf-database","com.codinglair.taf.database","codinglair-taf-runtime/taf-database/src/test/java/com/codinglair/taf/database/PostgresqlDatabaseControllerTest.java","PostgresqlDatabaseControllerTest.Operations","contract()","69","40","test","[]","1","1","True",,"","Screening only: length/depth/copy is not a refactoring mandate"
"codinglair-taf-runtime/taf-database","com.codinglair.taf.database","codinglair-taf-runtime/taf-database/src/test/java/com/codinglair/taf/database/PostgresqlDatabaseControllerTest.java","PostgresqlDatabaseControllerTest.Operations","isolatesParallelSessions()","110","37","test","[]","5","3","True",,"","Screening only: length/depth/copy is not a refactoring mandate"
"codinglair-taf-runtime/taf-database","com.codinglair.taf.database","codinglair-taf-runtime/taf-database/src/test/java/com/codinglair/taf/database/PostgresqlDatabaseControllerTest.java","PostgresqlDatabaseControllerTest.Operations","cleanupAfterFailure()","148","23","test","[]","5","2","True",,"","Screening only: length/depth/copy is not a refactoring mandate"
"codinglair-taf-runtime/taf-database","com.codinglair.taf.database","codinglair-taf-runtime/taf-database/src/test/java/com/codinglair/taf/database/PostgresqlDatabaseControllerTest.java","PostgresqlDatabaseControllerTest","register(TestSession, String, String)","179","27","test","[private, static]","1","1","True",,"","Screening only: length/depth/copy is not a refactoring mandate"
"codinglair-taf-runtime/taf-database","com.codinglair.taf.database.lifecycle","codinglair-taf-runtime/taf-database/src/main/java/com/codinglair/taf/database/lifecycle/DatabaseLifecycleCoordinator.java","DatabaseLifecycleCoordinator","complete(DatabaseLifecycleRequest, ExecutionOutcome, Throwable)","49","34","main","[public]","9","2","True",,"","Screening only: length/depth/copy is not a refactoring mandate"
"codinglair-taf-runtime/taf-database","com.codinglair.taf.database.lifecycle","codinglair-taf-runtime/taf-database/src/main/java/com/codinglair/taf/database/lifecycle/DatabaseLifecycleCoordinator.java","DatabaseLifecycleCoordinator","expireRetained()","84","19","main","[public]","5","3","False",,"","Screening only: length/depth/copy is not a refactoring mandate"
"codinglair-taf-runtime/taf-database","com.codinglair.taf.database.lifecycle","codinglair-taf-runtime/taf-database/src/test/java/com/codinglair/taf/database/lifecycle/DatabaseLifecycleCoordinatorTest.java","DatabaseLifecycleCoordinatorTest.RetentionAndFailures","retentionExpiresIdempotently()","102","32","test","[]","0","0","True",,"","Screening only: length/depth/copy is not a refactoring mandate"
"codinglair-taf-runtime/taf-database","com.codinglair.taf.database.lifecycle","codinglair-taf-runtime/taf-database/src/test/java/com/codinglair/taf/database/lifecycle/DatabaseLifecycleCoordinatorTest.java","DatabaseLifecycleCoordinatorTest","parallelIsolation()","151","28","test","[]","2","2","True",,"","Screening only: length/depth/copy is not a refactoring mandate"
"codinglair-taf-runtime/taf-environments","com.codinglair.taf.runtime.environment","codinglair-taf-runtime/taf-environments/src/main/java/com/codinglair/taf/runtime/environment/AbstractEnvironmentProvider.java","AbstractEnvironmentProvider","provision(EnvironmentRequest)","13","34","main","[public, final]","5","2","True",,"","Screening only: length/depth/copy is not a refactoring mandate"
"codinglair-taf-runtime/taf-environments","com.codinglair.taf.runtime.environment","codinglair-taf-runtime/taf-environments/src/main/java/com/codinglair/taf/runtime/environment/AbstractEnvironmentProvider.java","AbstractEnvironmentProvider","cleanup()","64","17","main","[public, final]","5","4","False",,"","Screening only: length/depth/copy is not a refactoring mandate"
"codinglair-taf-runtime/taf-environments","com.codinglair.taf.runtime.environment","codinglair-taf-runtime/taf-environments/src/main/java/com/codinglair/taf/runtime/environment/AbstractTestcontainersEnvironmentProvider.java","AbstractTestcontainersEnvironmentProvider","preflight(EnvironmentRequest)","36","41","main","[public, final]","6","2","True",,"","Screening only: length/depth/copy is not a refactoring mandate"
"codinglair-taf-runtime/taf-environments","com.codinglair.taf.runtime.environment","codinglair-taf-runtime/taf-environments/src/main/java/com/codinglair/taf/runtime/environment/ContainerDefinition.java","ContainerDefinition","<init>(DockerImageName, List<Integer>, Map<String, String>, List<String>, WaitStrategy, Map<String, ContainerProperty>, int)","19","22","main","[public]","5","2","True",,"","Screening only: length/depth/copy is not a refactoring mandate"
"codinglair-taf-runtime/taf-environments","com.codinglair.taf.runtime.environment","codinglair-taf-runtime/taf-environments/src/main/java/com/codinglair/taf/runtime/environment/ContainerLifecycleCoordinator.java","ContainerLifecycleCoordinator","acquire(EnvironmentRequest, EnvironmentType, Supplier<? extends ManagedContainer>)","15","55","main","[]","9","4","True",,"KISS-034","Selected: see report scope and preservation checks"
"codinglair-taf-runtime/taf-environments","com.codinglair.taf.runtime.environment","codinglair-taf-runtime/taf-environments/src/main/java/com/codinglair/taf/runtime/environment/ContainerLifecycleCoordinator.java","ContainerLifecycleCoordinator","close()","128","20","main","[public]","5","4","False",,"","Screening only: length/depth/copy is not a refactoring mandate"
"codinglair-taf-runtime/taf-environments","com.codinglair.taf.runtime.environment","codinglair-taf-runtime/taf-environments/src/test/java/com/codinglair/taf/runtime/environment/ContainerLifecycleCoordinatorTest.java","ContainerLifecycleCoordinatorTest","parallelIsolatedContainersHaveIndependentDynamicEndpoints()","18","26","test","[]","2","2","True",,"","Screening only: length/depth/copy is not a refactoring mandate"
"codinglair-taf-runtime/taf-environments","com.codinglair.taf.runtime.environment","codinglair-taf-runtime/taf-environments/src/test/java/com/codinglair/taf/runtime/environment/ContainerLifecycleCoordinatorTest.java","ContainerLifecycleCoordinatorTest","parallelSharedLeasesStartOnceAndLastLeaseStops()","45","35","test","[]","2","2","True",,"","Screening only: length/depth/copy is not a refactoring mandate"
"codinglair-taf-runtime/taf-environments","com.codinglair.taf.runtime.environment","codinglair-taf-runtime/taf-environments/src/test/java/com/codinglair/taf/runtime/environment/DynamicPropertyExporterTest.java","DynamicPropertyExporterTest","exportsContainerValuesToSpringCompatibleSinkWithoutFixedPorts()","12","40","test","[]","0","0","True",,"","Screening only: length/depth/copy is not a refactoring mandate"
"codinglair-taf-runtime/taf-environments","com.codinglair.taf.runtime.environment","codinglair-taf-runtime/taf-environments/src/test/java/com/codinglair/taf/runtime/environment/EnvironmentRegistryTest.java","EnvironmentRegistryTest","concurrentRegistrationHasExactlyOneWinner()","28","34","test","[]","6","4","True",,"","Screening only: length/depth/copy is not a refactoring mandate"
"codinglair-taf-runtime/taf-environments","com.codinglair.taf.runtime.environment","codinglair-taf-runtime/taf-environments/src/test/java/com/codinglair/taf/runtime/environment/EnvironmentRegistryTest.java","EnvironmentRegistryTest","provider(String, EnvironmentMode)","73","27","test","[private, static]","0","0","True",,"","Screening only: length/depth/copy is not a refactoring mandate"
"codinglair-taf-runtime/taf-environments","com.codinglair.taf.runtime.environment","codinglair-taf-runtime/taf-environments/src/test/java/com/codinglair/taf/runtime/environment/PreflightRunnerTest.java","PreflightRunnerTest","runsSuiteAndRequestedCapabilityChecksOnly()","18","25","test","[]","0","0","True",,"","Screening only: length/depth/copy is not a refactoring mandate"
"codinglair-taf-runtime/taf-environments","com.codinglair.taf.runtime.environment","codinglair-taf-runtime/taf-environments/src/test/java/com/codinglair/taf/runtime/environment/PreflightRunnerTest.java","PreflightRunnerTest","thrownCheckBecomesSanitizedUnknownDiagnostic()","44","29","test","[]","0","0","True",,"","Screening only: length/depth/copy is not a refactoring mandate"
"codinglair-taf-runtime/taf-environments","com.codinglair.taf.runtime.environment","codinglair-taf-runtime/taf-environments/src/test/java/com/codinglair/taf/runtime/environment/PreflightRunnerTest.java","PreflightRunnerTest","check(String, Optional<Capability>, EnvironmentStatus)","74","21","test","[private, static]","0","0","True",,"","Screening only: length/depth/copy is not a refactoring mandate"
"codinglair-taf-runtime/taf-environments","com.codinglair.taf.runtime.environment","codinglair-taf-runtime/taf-environments/src/test/java/com/codinglair/taf/runtime/environment/TestcontainersSmokeTest.java","TestcontainersSmokeTest","parallelRealContainersReceiveDifferentRandomHostPortsAndCleanup()","20","45","test","[]","1","1","True",,"","Screening only: length/depth/copy is not a refactoring mandate"
"codinglair-taf-runtime/taf-environments","com.codinglair.taf.runtime.environment.spring","codinglair-taf-runtime/taf-environments/src/main/java/com/codinglair/taf/runtime/environment/spring/EnvironmentAutoConfiguration.java","EnvironmentAutoConfiguration","lazySharedEnvironmentResource(SharedEnvironmentRequest, EnvironmentRegistry, EnvironmentPropertyPublisher, TafEnvironmentProperties)","106","21","main","[]","0","0","True",,"","Screening only: length/depth/copy is not a refactoring mandate"
"codinglair-taf-runtime/taf-environments","com.codinglair.taf.runtime.environment.spring","codinglair-taf-runtime/taf-environments/src/main/java/com/codinglair/taf/runtime/environment/spring/EnvironmentAutoConfiguration.java","EnvironmentAutoConfiguration","provisionShared(SharedEnvironmentRequest, EnvironmentRegistry, EnvironmentPropertyPublisher, TafEnvironmentProperties)","128","30","main","[private]","4","4","True",,"","Screening only: length/depth/copy is not a refactoring mandate"
"codinglair-taf-runtime/taf-environments","com.codinglair.taf.runtime.environment.spring","codinglair-taf-runtime/taf-environments/src/main/java/com/codinglair/taf/runtime/environment/spring/EnvironmentConsumerPreflightContributor.java","EnvironmentConsumerPreflightContributor","inspect()","27","81","main","[public]","8","4","True",,"KISS-035","Selected: see report scope and preservation checks"
"codinglair-taf-runtime/taf-environments","com.codinglair.taf.runtime.environment.spring","codinglair-taf-runtime/taf-environments/src/main/java/com/codinglair/taf/runtime/environment/spring/EnvironmentConsumerPreflightContributor.java","EnvironmentConsumerPreflightContributor","failure(String, ConsumerConfigurationProperties.CapabilityInstance, String, String, String)","126","36","main","[private]","2","1","True",,"","Screening only: length/depth/copy is not a refactoring mandate"
"codinglair-taf-runtime/taf-environments","com.codinglair.taf.runtime.environment.spring","codinglair-taf-runtime/taf-environments/src/main/java/com/codinglair/taf/runtime/environment/spring/SessionEnvironmentManager.java","SessionEnvironmentManager","createSession(List<EnvironmentRequest>)","49","34","main","[public]","7","4","True",,"","Screening only: length/depth/copy is not a refactoring mandate"
"codinglair-taf-runtime/taf-environments","com.codinglair.taf.runtime.environment.spring","codinglair-taf-runtime/taf-environments/src/main/java/com/codinglair/taf/runtime/environment/spring/TestcontainersEnvironmentProviderFactory.java","TestcontainersEnvironmentProviderFactory","create(String, EnvironmentType, ContainerDefinition, ContainerImagePolicy, Function<ContainerDefinition, org.testcontainers.containers.GenericContainer<?>>)","23","21","main","[public]","0","0","True",,"","Screening only: length/depth/copy is not a refactoring mandate"
"codinglair-taf-runtime/taf-environments","com.codinglair.taf.runtime.environment.spring","codinglair-taf-runtime/taf-environments/src/test/java/com/codinglair/taf/runtime/environment/spring/ConsumerPreflightTest.java","ConsumerPreflightTest","aggregatesUnresolvedSecretsSelectionsAndDependencyReadinessWithoutSecretValues()","17","42","test","[]","0","0","True",,"","Screening only: length/depth/copy is not a refactoring mandate"
"codinglair-taf-runtime/taf-environments","com.codinglair.taf.runtime.environment.spring","codinglair-taf-runtime/taf-environments/src/test/java/com/codinglair/taf/runtime/environment/spring/ConsumerPreflightTest.java","ConsumerPreflightTest","safeDefaultsAndAvailableReferencesPassAndConcurrentInspectionDoesNotMutateConfiguration()","60","45","test","[]","1","1","True",,"","Screening only: length/depth/copy is not a refactoring mandate"
"codinglair-taf-runtime/taf-environments","com.codinglair.taf.runtime.environment.spring","codinglair-taf-runtime/taf-environments/src/test/java/com/codinglair/taf/runtime/environment/spring/ConsumerPreflightTest.java","ConsumerPreflightTest","contributorFailureBecomesSanitizedAggregatedDiagnostic()","106","22","test","[]","0","0","True",,"","Screening only: length/depth/copy is not a refactoring mandate"
"codinglair-taf-runtime/taf-environments","com.codinglair.taf.runtime.environment.spring","codinglair-taf-runtime/taf-environments/src/test/java/com/codinglair/taf/runtime/environment/spring/EnvironmentAutoConfigurationTest.java","EnvironmentAutoConfigurationTest","scaffoldProfilesLoadWithUnresolvedValuesAndFailOnlyAtControlledPreflight()","40","24","test","[]","0","0","True",,"","Screening only: length/depth/copy is not a refactoring mandate"
"codinglair-taf-runtime/taf-environments","com.codinglair.taf.runtime.environment.spring","codinglair-taf-runtime/taf-environments/src/test/java/com/codinglair/taf/runtime/environment/spring/EnvironmentAutoConfigurationTest.java","EnvironmentAutoConfigurationTest","consumerPreflightContractsBackOffAndContributorRunsOnlyForSelectedMatchingType()","65","32","test","[]","0","0","True",,"","Screening only: length/depth/copy is not a refactoring mandate"
"codinglair-taf-runtime/taf-environments","com.codinglair.taf.runtime.environment.spring","codinglair-taf-runtime/taf-environments/src/test/java/com/codinglair/taf/runtime/environment/spring/EnvironmentAutoConfigurationTest.java","EnvironmentAutoConfigurationTest","bindsAndValidatesProperties()","139","22","test","[]","0","0","True",,"","Screening only: length/depth/copy is not a refactoring mandate"
"codinglair-taf-runtime/taf-environments","com.codinglair.taf.runtime.environment.spring","codinglair-taf-runtime/taf-environments/src/test/java/com/codinglair/taf/runtime/environment/spring/EnvironmentAutoConfigurationTest.java","EnvironmentAutoConfigurationTest.SelectedContributor","selectedContributorBean()","209","27","test","[]","0","0","True",,"","Screening only: length/depth/copy is not a refactoring mandate"
"codinglair-taf-runtime/taf-environments","com.codinglair.taf.runtime.environment.spring","codinglair-taf-runtime/taf-environments/src/test/java/com/codinglair/taf/runtime/environment/spring/EnvironmentAutoConfigurationTest.java","EnvironmentAutoConfigurationTest.SharedOrdering.OrderedProvider","create(EnvironmentRequest)","312","31","test","[protected]","0","0","True",,"","Screening only: length/depth/copy is not a refactoring mandate"
"codinglair-taf-runtime/taf-file","com.codinglair.taf.runtime.file","codinglair-taf-runtime/taf-file/src/main/java/com/codinglair/taf/runtime/file/FilePayloadResolver.java","FilePayloadResolver","validate(PayloadReference, Path)","70","30","main","[private]","11","2","True",,"","Screening only: length/depth/copy is not a refactoring mandate"
"codinglair-taf-runtime/taf-file","com.codinglair.taf.runtime.file","codinglair-taf-runtime/taf-file/src/main/java/com/codinglair/taf/runtime/file/FilePayloadResolver.java","FilePayloadResolver","failure(PayloadException.Kind, PayloadReference)","101","10","main","[private, static]","0","0","False","COPY-010","","Screening only: length/depth/copy is not a refactoring mandate"
"codinglair-taf-runtime/taf-file","com.codinglair.taf.runtime.file","codinglair-taf-runtime/taf-file/src/main/java/com/codinglair/taf/runtime/file/StructuredFileComparator.java","StructuredFileComparator","compare(FileComparisonRequest)","26","45","main","[]","5","2","True",,"","Screening only: length/depth/copy is not a refactoring mandate"
"codinglair-taf-runtime/taf-file","com.codinglair.taf.runtime.file","codinglair-taf-runtime/taf-file/src/main/java/com/codinglair/taf/runtime/file/StructuredFileComparator.java","StructuredFileComparator","flattenJson(JsonNode, String, Map<String, String>)","82","17","main","[private, static]","4","3","False",,"","Screening only: length/depth/copy is not a refactoring mandate"
"codinglair-taf-runtime/taf-file","com.codinglair.taf.runtime.file","codinglair-taf-runtime/taf-file/src/main/java/com/codinglair/taf/runtime/file/StructuredFileComparator.java","StructuredFileComparator","flattenXml(Element, String, Map<String, String>)","116","21","main","[private, static]","7","3","True",,"","Screening only: length/depth/copy is not a refactoring mandate"
"codinglair-taf-runtime/taf-file","com.codinglair.taf.runtime.file","codinglair-taf-runtime/taf-file/src/main/java/com/codinglair/taf/runtime/file/StructuredFileComparator.java","StructuredFileComparator","delimited(CheckedFile, Charset, char)","138","16","main","[private]","3","3","False",,"","Screening only: length/depth/copy is not a refactoring mandate"
"codinglair-taf-runtime/taf-file","com.codinglair.taf.runtime.file","codinglair-taf-runtime/taf-file/src/main/java/com/codinglair/taf/runtime/file/StructuredFileComparator.java","StructuredFileComparator","csvLine(String, char)","155","20","main","[private, static]","5","3","False",,"","Screening only: length/depth/copy is not a refactoring mandate"
"codinglair-taf-runtime/taf-file","com.codinglair.taf.runtime.file","codinglair-taf-runtime/taf-file/src/main/java/com/codinglair/taf/runtime/file/StructuredFileComparator.java","StructuredFileComparator","fixed(CheckedFile, FileComparisonOptions)","176","22","main","[private]","6","4","True",,"KISS-036","Selected: see report scope and preservation checks"
"codinglair-taf-runtime/taf-file","com.codinglair.taf.runtime.file","codinglair-taf-runtime/taf-file/src/main/java/com/codinglair/taf/runtime/file/StructuredFileComparator.java","StructuredFileComparator","excel(CheckedFile)","199","26","main","[private]","7","3","True",,"KISS-037","Selected: see report scope and preservation checks"
"codinglair-taf-runtime/taf-file","com.codinglair.taf.runtime.file","codinglair-taf-runtime/taf-file/src/test/java/com/codinglair/taf/runtime/file/FilePayloadResolverTest.java","FilePayloadResolverTest","rejectsMissingTraversalMutationOversizeMediaTypeAndInvalidRange()","45","32","test","[]","0","0","True",,"","Screening only: length/depth/copy is not a refactoring mandate"
"codinglair-taf-runtime/taf-file","com.codinglair.taf.runtime.file","codinglair-taf-runtime/taf-file/src/test/java/com/codinglair/taf/runtime/file/FilePayloadResolverTest.java","FilePayloadResolverTest","supportsConcurrentIndependentReaders()","78","21","test","[]","3","2","True",,"","Screening only: length/depth/copy is not a refactoring mandate"
"codinglair-taf-runtime/taf-file","com.codinglair.taf.runtime.file","codinglair-taf-runtime/taf-file/src/test/java/com/codinglair/taf/runtime/file/StructuredFileValidationTest.java","StructuredFileValidationTest.Formats","xml()","52","21","test","[]","0","0","True",,"","Screening only: length/depth/copy is not a refactoring mandate"
"codinglair-taf-runtime/taf-file","com.codinglair.taf.runtime.file","codinglair-taf-runtime/taf-file/src/test/java/com/codinglair/taf/runtime/file/StructuredFileValidationTest.java","StructuredFileValidationTest.Formats","pdf()","122","32","test","[]","0","0","True",,"","Screening only: length/depth/copy is not a refactoring mandate"
"codinglair-taf-runtime/taf-file","com.codinglair.taf.runtime.file","codinglair-taf-runtime/taf-file/src/test/java/com/codinglair/taf/runtime/file/StructuredFileValidationTest.java","StructuredFileValidationTest.SecurityAndLifecycle","pathAndSizePolicy()","159","21","test","[]","0","0","True",,"","Screening only: length/depth/copy is not a refactoring mandate"
"codinglair-taf-runtime/taf-file","com.codinglair.taf.runtime.file","codinglair-taf-runtime/taf-file/src/test/java/com/codinglair/taf/runtime/file/StructuredFileValidationTest.java","StructuredFileValidationTest.SecurityAndLifecycle","concurrencyAndClose()","181","33","test","[]","1","1","True",,"","Screening only: length/depth/copy is not a refactoring mandate"
"codinglair-taf-runtime/taf-messaging-aws","com.codinglair.taf.messaging.aws.common","codinglair-taf-runtime/taf-messaging-aws/src/main/java/com/codinglair/taf/messaging/aws/common/AwsAutoConfiguration.java","AwsAutoConfiguration","awsSessionConfigurer(AwsProperties)","55","30","main","[]","0","0","True",,"","Screening only: length/depth/copy is not a refactoring mandate"
"codinglair-taf-runtime/taf-messaging-aws","com.codinglair.taf.messaging.aws.common","codinglair-taf-runtime/taf-messaging-aws/src/main/java/com/codinglair/taf/messaging/aws/common/AwsConnectionProperties.java","AwsConnectionProperties","validate(String)","81","35","main","[public]","10","2","True",,"","Screening only: length/depth/copy is not a refactoring mandate"
"codinglair-taf-runtime/taf-messaging-aws","com.codinglair.taf.messaging.aws.common","codinglair-taf-runtime/taf-messaging-aws/src/main/java/com/codinglair/taf/messaging/aws/common/AwsEvidencePublisher.java","AwsEvidencePublisher","publish(String, String, Map<String, ?>)","22","24","main","[]","1","1","True",,"","Screening only: length/depth/copy is not a refactoring mandate"
"codinglair-taf-runtime/taf-messaging-aws","com.codinglair.taf.messaging.aws.common","codinglair-taf-runtime/taf-messaging-aws/src/main/java/com/codinglair/taf/messaging/aws/common/AwsFailureClassifier.java","AwsFailureClassifier","classify(Throwable)","14","21","main","[public, static]","5","2","True",,"","Screening only: length/depth/copy is not a refactoring mandate"
"codinglair-taf-runtime/taf-messaging-aws","com.codinglair.taf.messaging.aws.common","codinglair-taf-runtime/taf-messaging-aws/src/main/java/com/codinglair/taf/messaging/aws/common/AwsOperationExecutor.java","AwsOperationExecutor","execute(String, String, AwsOperationPolicy, boolean, Operation<T>)","14","31","main","[public]","7","4","True",,"","Screening only: length/depth/copy is not a refactoring mandate"
"codinglair-taf-runtime/taf-messaging-aws","com.codinglair.taf.messaging.aws.common","codinglair-taf-runtime/taf-messaging-aws/src/main/java/com/codinglair/taf/messaging/aws/common/DefaultAwsControllers.java","DefaultAwsControllers.DefaultSqsController","send(SqsSendRequest)","155","24","main","[public]","2","2","True",,"","Screening only: length/depth/copy is not a refactoring mandate"
"codinglair-taf-runtime/taf-messaging-aws","com.codinglair.taf.messaging.aws.common","codinglair-taf-runtime/taf-messaging-aws/src/main/java/com/codinglair/taf/messaging/aws/common/DefaultAwsControllers.java","DefaultAwsControllers.DefaultSqsController","receive(SqsReceiveRequest)","180","46","main","[public]","7","3","True",,"KISS-038","Selected: see report scope and preservation checks"
"codinglair-taf-runtime/taf-messaging-aws","com.codinglair.taf.messaging.aws.common","codinglair-taf-runtime/taf-messaging-aws/src/main/java/com/codinglair/taf/messaging/aws/common/DefaultAwsControllers.java","DefaultAwsControllers.DefaultSqsController","diagnostics()","347","23","main","[public]","3","2","True",,"","Screening only: length/depth/copy is not a refactoring mandate"
"codinglair-taf-runtime/taf-messaging-aws","com.codinglair.taf.messaging.aws.common","codinglair-taf-runtime/taf-messaging-aws/src/main/java/com/codinglair/taf/messaging/aws/common/DefaultAwsControllers.java","DefaultAwsControllers.DefaultSqsController","close()","371","25","main","[public]","8","6","True",,"KISS-039","Selected: see report scope and preservation checks"
"codinglair-taf-runtime/taf-messaging-aws","com.codinglair.taf.messaging.aws.common","codinglair-taf-runtime/taf-messaging-aws/src/main/java/com/codinglair/taf/messaging/aws/common/DefaultAwsControllers.java","DefaultAwsControllers.DefaultEventBridgeController","publish(List<EventPublishRequest>)","532","50","main","[public]","7","3","True",,"KISS-040","Selected: see report scope and preservation checks"
"codinglair-taf-runtime/taf-messaging-aws","com.codinglair.taf.messaging.aws.common","codinglair-taf-runtime/taf-messaging-aws/src/main/java/com/codinglair/taf/messaging/aws/common/EventEnvelopeValidator.java","EventEnvelopeValidator","detail(EventPublishRequest)","35","17","main","[]","5","3","False",,"","Screening only: length/depth/copy is not a refactoring mandate"
"codinglair-taf-runtime/taf-messaging-aws","com.codinglair.taf.messaging.aws.common","codinglair-taf-runtime/taf-messaging-aws/src/main/java/com/codinglair/taf/messaging/aws/common/EventEnvelopeValidator.java","EventEnvelopeValidator","validateTargetEnvelope(String, String)","63","21","main","[]","6","3","True",,"","Screening only: length/depth/copy is not a refactoring mandate"
"codinglair-taf-runtime/taf-messaging-aws","com.codinglair.taf.messaging.aws.common","codinglair-taf-runtime/taf-messaging-aws/src/main/java/com/codinglair/taf/messaging/aws/common/EventEnvelopeValidator.java","EventEnvelopeValidator","sanitize(JsonNode)","100","18","main","[private, static]","4","3","False",,"","Screening only: length/depth/copy is not a refactoring mandate"
"codinglair-taf-runtime/taf-messaging-aws","com.codinglair.taf.messaging.aws.common","codinglair-taf-runtime/taf-messaging-aws/src/test/java/com/codinglair/taf/messaging/aws/common/AwsArchitectureTest.java","AwsArchitectureTest","publicContractsContainNoAwsSdkTypes()","14","29","test","[]","0","0","True",,"","Screening only: length/depth/copy is not a refactoring mandate"
"codinglair-taf-runtime/taf-messaging-aws","com.codinglair.taf.messaging.aws.common","codinglair-taf-runtime/taf-messaging-aws/src/test/java/com/codinglair/taf/messaging/aws/common/AwsAutoConfigurationTest.java","AwsAutoConfigurationTest","bindsTwoNamedInstancesOfEachController()","53","52","test","[]","1","1","True",,"","Screening only: length/depth/copy is not a refactoring mandate"
"codinglair-taf-runtime/taf-messaging-aws","com.codinglair.taf.messaging.aws.common","codinglair-taf-runtime/taf-messaging-aws/src/test/java/com/codinglair/taf/messaging/aws/common/AwsAutoConfigurationTest.java","AwsAutoConfigurationTest","registersEnvironmentProviders()","138","28","test","[]","0","0","True",,"","Screening only: length/depth/copy is not a refactoring mandate"
"codinglair-taf-runtime/taf-messaging-aws","com.codinglair.taf.messaging.aws.common","codinglair-taf-runtime/taf-messaging-aws/src/test/java/com/codinglair/taf/messaging/aws/common/AwsAutoConfigurationTest.java","AwsAutoConfigurationTest.ContributorDiscovery","discoversContributors()","170","22","test","[]","0","0","True",,"","Screening only: length/depth/copy is not a refactoring mandate"
"codinglair-taf-runtime/taf-messaging-aws","com.codinglair.taf.messaging.aws.common","codinglair-taf-runtime/taf-messaging-aws/src/test/java/com/codinglair/taf/messaging/aws/common/AwsEvidenceSecretSafetyTest.java","AwsEvidenceSecretSafetyTest.SanitizationPolicy","redactsProhibitedValues()","43","22","test","[]","0","0","True",,"","Screening only: length/depth/copy is not a refactoring mandate"
"codinglair-taf-runtime/taf-messaging-aws","com.codinglair.taf.messaging.aws.common","codinglair-taf-runtime/taf-messaging-aws/src/test/java/com/codinglair/taf/messaging/aws/common/AwsEvidenceSecretSafetyTest.java","AwsEvidenceSecretSafetyTest.PublicationPaths","publishesConcurrently()","141","23","test","[]","2","2","True",,"","Screening only: length/depth/copy is not a refactoring mandate"
"codinglair-taf-runtime/taf-messaging-aws","com.codinglair.taf.messaging.aws.common","codinglair-taf-runtime/taf-messaging-aws/src/test/java/com/codinglair/taf/messaging/aws/common/AwsEvidenceSecretSafetyTest.java","AwsEvidenceSecretSafetyTest","messageClient()","206","29","test","[private, static]","2","1","True",,"","Screening only: length/depth/copy is not a refactoring mandate"
"codinglair-taf-runtime/taf-messaging-aws","com.codinglair.taf.messaging.aws.common","codinglair-taf-runtime/taf-messaging-aws/src/test/java/com/codinglair/taf/messaging/aws/common/AwsFoundationTest.java","AwsFoundationTest.FailureClassification","sanitizesUnavailableCredentials()","45","25","test","[]","0","0","True",,"","Screening only: length/depth/copy is not a refactoring mandate"
"codinglair-taf-runtime/taf-messaging-aws","com.codinglair.taf.messaging.aws.common","codinglair-taf-runtime/taf-messaging-aws/src/test/java/com/codinglair/taf/messaging/aws/common/AwsFoundationTest.java","AwsFoundationTest.BoundedExecution","retriesTransientWork()","75","24","test","[]","1","1","True",,"","Screening only: length/depth/copy is not a refactoring mandate"
"codinglair-taf-runtime/taf-messaging-aws","com.codinglair.taf.messaging.aws.common","codinglair-taf-runtime/taf-messaging-aws/src/test/java/com/codinglair/taf/messaging/aws/common/AwsFoundationTest.java","AwsFoundationTest.BoundedExecution","stopsForFinalFailure()","100","23","test","[]","0","0","True",,"","Screening only: length/depth/copy is not a refactoring mandate"
"codinglair-taf-runtime/taf-messaging-aws","com.codinglair.taf.messaging.aws.common","codinglair-taf-runtime/taf-messaging-aws/src/test/java/com/codinglair/taf/messaging/aws/common/AwsPropertiesTest.java","AwsPropertiesTest","valid()","126","8","test","[private, static]","0","0","False","COPY-001","","Screening only: length/depth/copy is not a refactoring mandate"
"codinglair-taf-runtime/taf-messaging-aws","com.codinglair.taf.messaging.aws.common","codinglair-taf-runtime/taf-messaging-aws/src/test/java/com/codinglair/taf/messaging/aws/common/AwsQualificationEvidenceTest.java","AwsQualificationEvidenceTest","writesSanitizedMachineAndHumanResults()","21","32","test","[]","0","0","True",,"","Screening only: length/depth/copy is not a refactoring mandate"
"codinglair-taf-runtime/taf-messaging-aws","com.codinglair.taf.messaging.aws.common","codinglair-taf-runtime/taf-messaging-aws/src/test/java/com/codinglair/taf/messaging/aws/common/AwsQualificationEvidenceTest.java","AwsQualificationEvidenceTest","manifestMapsEveryGateDRequirementAndUsesBoundedBudgets()","54","21","test","[]","0","0","True",,"","Screening only: length/depth/copy is not a refactoring mandate"
"codinglair-taf-runtime/taf-messaging-aws","com.codinglair.taf.messaging.aws.common","codinglair-taf-runtime/taf-messaging-aws/src/test/java/com/codinglair/taf/messaging/aws/common/AwsQualificationEvidenceTest.java","AwsQualificationEvidenceTest","recordsOutcomeAndCleanupFailureDiagnostics()","76","23","test","[]","0","0","True",,"","Screening only: length/depth/copy is not a refactoring mandate"
"codinglair-taf-runtime/taf-messaging-aws","com.codinglair.taf.messaging.aws.common","codinglair-taf-runtime/taf-messaging-aws/src/test/java/com/codinglair/taf/messaging/aws/common/DefaultAwsControllersCleanupTest.java","DefaultAwsControllersCleanupTest","sqsCleanupIsIdempotentAfterOperationFailure()","27","23","test","[]","2","1","True",,"","Screening only: length/depth/copy is not a refactoring mandate"
"codinglair-taf-runtime/taf-messaging-aws","com.codinglair.taf.messaging.aws.common","codinglair-taf-runtime/taf-messaging-aws/src/test/java/com/codinglair/taf/messaging/aws/common/DefaultAwsControllersCleanupTest.java","DefaultAwsControllersCleanupTest","sqsCleanupIsIdempotentAfterInterruption()","51","23","test","[]","1","1","True",,"","Screening only: length/depth/copy is not a refactoring mandate"
"codinglair-taf-runtime/taf-messaging-aws","com.codinglair.taf.messaging.aws.common","codinglair-taf-runtime/taf-messaging-aws/src/test/java/com/codinglair/taf/messaging/aws/common/DefaultAwsControllersCleanupTest.java","DefaultAwsControllersCleanupTest","connection()","113","8","test","[private, static]","0","0","False","COPY-001","","Screening only: length/depth/copy is not a refactoring mandate"
"codinglair-taf-runtime/taf-messaging-aws","com.codinglair.taf.messaging.aws.common","codinglair-taf-runtime/taf-messaging-aws/src/test/java/com/codinglair/taf/messaging/aws/common/EventBridgeControllerTest.java","EventBridgeControllerTest.Publishing","publishesStructuredBatch()","27","32","test","[]","0","0","True",,"","Screening only: length/depth/copy is not a refactoring mandate"
"codinglair-taf-runtime/taf-messaging-aws","com.codinglair.taf.messaging.aws.common","codinglair-taf-runtime/taf-messaging-aws/src/test/java/com/codinglair/taf/messaging/aws/common/EventBridgeControllerTest.java","EventBridgeControllerTest.RouteComposition","verifiesMatchingRoute()","81","21","test","[]","0","0","True",,"","Screening only: length/depth/copy is not a refactoring mandate"
"codinglair-taf-runtime/taf-messaging-aws","com.codinglair.taf.messaging.aws.common","codinglair-taf-runtime/taf-messaging-aws/src/test/java/com/codinglair/taf/messaging/aws/common/EventBridgeRouteLocalStackIntegrationTest.java","EventBridgeRouteLocalStackIntegrationTest","qualifiesRouteComposition()","27","76","test","[]","3","3","True",,"","Screening only: length/depth/copy is not a refactoring mandate"
"codinglair-taf-runtime/taf-messaging-aws","com.codinglair.taf.messaging.aws.common","codinglair-taf-runtime/taf-messaging-aws/src/test/java/com/codinglair/taf/messaging/aws/common/SqsControllerLocalStackIntegrationTest.java","SqsControllerLocalStackIntegrationTest","qualifiesControllerLifecycle()","22","98","test","[]","5","4","True",,"","Screening only: length/depth/copy is not a refactoring mandate"
"codinglair-taf-runtime/taf-messaging-aws","com.codinglair.taf.messaging.aws.common","codinglair-taf-runtime/taf-messaging-aws/src/test/java/com/codinglair/taf/messaging/aws/common/SqsControllerTest.java","SqsControllerTest.MessageLifecycle","sendsReceivesAndAcknowledges()","30","30","test","[]","0","0","True",,"","Screening only: length/depth/copy is not a refactoring mandate"
"codinglair-taf-runtime/taf-messaging-aws","com.codinglair.taf.messaging.aws.common","codinglair-taf-runtime/taf-messaging-aws/src/test/java/com/codinglair/taf/messaging/aws/common/SqsControllerTest.java","SqsControllerTest.MessageLifecycle","concurrentSessionsRemainIsolated()","99","26","test","[]","1","1","True",,"","Screening only: length/depth/copy is not a refactoring mandate"
"codinglair-taf-runtime/taf-messaging-aws","com.codinglair.taf.messaging.aws.common","codinglair-taf-runtime/taf-messaging-aws/src/test/java/com/codinglair/taf/messaging/aws/common/SqsControllerTest.java","SqsControllerTest.ScriptedSqs","client()","253","49","test","[]","8","2","True",,"","Screening only: length/depth/copy is not a refactoring mandate"
"codinglair-taf-runtime/taf-messaging-aws","com.codinglair.taf.messaging.aws.environment","codinglair-taf-runtime/taf-messaging-aws/src/main/java/com/codinglair/taf/messaging/aws/environment/LocalStackEnvironmentProvider.java","LocalStackEnvironmentProvider","preflight(EnvironmentRequest)","77","23","main","[public]","4","3","True",,"","Screening only: length/depth/copy is not a refactoring mandate"
"codinglair-taf-runtime/taf-messaging-aws","com.codinglair.taf.messaging.aws.environment","codinglair-taf-runtime/taf-messaging-aws/src/main/java/com/codinglair/taf/messaging/aws/environment/LocalStackEnvironmentProvider.java","LocalStackEnvironmentProvider","create(EnvironmentRequest)","101","32","main","[protected]","6","3","True",,"","Screening only: length/depth/copy is not a refactoring mandate"
"codinglair-taf-runtime/taf-messaging-aws","com.codinglair.taf.messaging.aws.environment","codinglair-taf-runtime/taf-messaging-aws/src/main/java/com/codinglair/taf/messaging/aws/environment/LocalStackEnvironmentProvider.java","LocalStackEnvironmentProvider","provisionResource(EnvironmentRequest, AwsConnectionProperties, Clients, LocalStackContainer)","134","30","main","[private]","4","2","True",,"","Screening only: length/depth/copy is not a refactoring mandate"
"codinglair-taf-runtime/taf-messaging-aws","com.codinglair.taf.messaging.aws.environment","codinglair-taf-runtime/taf-messaging-aws/src/main/java/com/codinglair/taf/messaging/aws/environment/LocalStackEnvironmentProvider.java","LocalStackEnvironmentProvider","provisionQueues(AwsConnectionProperties, String, SqsClient, List<AwsOwnershipManifestEntry>)","165","33","main","[private, static]","3","2","True",,"","Screening only: length/depth/copy is not a refactoring mandate"
"codinglair-taf-runtime/taf-messaging-aws","com.codinglair.taf.messaging.aws.environment","codinglair-taf-runtime/taf-messaging-aws/src/main/java/com/codinglair/taf/messaging/aws/environment/LocalStackEnvironmentProvider.java","LocalStackEnvironmentProvider","provisionEventBuses(AwsConnectionProperties, String, Map<String, String>, Clients, List<AwsOwnershipManifestEntry>)","199","61","main","[private, static]","3","3","True",,"KISS-041","Selected: see report scope and preservation checks"
"codinglair-taf-runtime/taf-messaging-aws","com.codinglair.taf.messaging.aws.environment","codinglair-taf-runtime/taf-messaging-aws/src/main/java/com/codinglair/taf/messaging/aws/environment/LocalStackEnvironmentProvider.java","LocalStackEnvironmentProvider","cleanupEntries(Clients, AwsOwnershipManifest)","423","15","main","[private, static]","6","4","False",,"","Screening only: length/depth/copy is not a refactoring mandate"
"codinglair-taf-runtime/taf-messaging-aws","com.codinglair.taf.messaging.aws.environment","codinglair-taf-runtime/taf-messaging-aws/src/main/java/com/codinglair/taf/messaging/aws/environment/LocalStackEnvironmentProvider.java","LocalStackEnvironmentProvider","delete(Clients, AwsResourceDescriptor)","439","30","main","[private, static]","1","1","True",,"","Screening only: length/depth/copy is not a refactoring mandate"
"codinglair-taf-runtime/taf-messaging-aws","com.codinglair.taf.messaging.aws.environment","codinglair-taf-runtime/taf-messaging-aws/src/main/java/com/codinglair/taf/messaging/aws/environment/LocalStackEnvironmentProvider.java","LocalStackEnvironmentProvider.Resource","cleanup()","565","18","main","[public]","8","4","False",,"","Screening only: length/depth/copy is not a refactoring mandate"
"codinglair-taf-runtime/taf-messaging-aws","com.codinglair.taf.messaging.aws.environment","codinglair-taf-runtime/taf-messaging-aws/src/test/java/com/codinglair/taf/messaging/aws/environment/AwsOwnershipManifestTest.java","AwsOwnershipManifestTest","cancellationBeforeExternalProvisioningPreservesStateAndInterruption()","45","29","test","[]","1","1","True",,"","Screening only: length/depth/copy is not a refactoring mandate"
"codinglair-taf-runtime/taf-messaging-aws","com.codinglair.taf.messaging.aws.environment","codinglair-taf-runtime/taf-messaging-aws/src/test/java/com/codinglair/taf/messaging/aws/environment/LocalStackEnvironmentProviderIntegrationTest.java","LocalStackEnvironmentProviderIntegrationTest","provisionsReadyIsolatedResourcesAndShutsDownIdempotently()","33","39","test","[]","0","0","True",,"","Screening only: length/depth/copy is not a refactoring mandate"
"codinglair-taf-runtime/taf-messaging-aws","com.codinglair.taf.messaging.aws.environment","codinglair-taf-runtime/taf-messaging-aws/src/test/java/com/codinglair/taf/messaging/aws/environment/LocalStackEnvironmentProviderIntegrationTest.java","LocalStackEnvironmentProviderIntegrationTest","externalPreflightAndCleanupNeverMutateDeclaredResources()","73","51","test","[]","2","2","True",,"","Screening only: length/depth/copy is not a refactoring mandate"
"codinglair-taf-runtime/taf-messaging-core","com.codinglair.taf.messaging","codinglair-taf-runtime/taf-messaging-core/src/test/java/com/codinglair/taf/messaging/InMemoryMessagingControllerContractTest.java","InMemoryMessagingControllerContractTest.InMemoryMessagingController.DestinationBuffer","takeMatching(MessageSelector, long)","152","12","test","[synchronized]","4","3","False",,"","Screening only: length/depth/copy is not a refactoring mandate"
"codinglair-taf-runtime/taf-messaging-core","com.codinglair.taf.messaging.contract","codinglair-taf-runtime/taf-messaging-core/src/test/java/com/codinglair/taf/messaging/contract/MessagingControllerContract.java","MessagingControllerContract.PublishAndConsume","roundTrip()","48","26","test","[]","0","0","True",,"","Screening only: length/depth/copy is not a refactoring mandate"
"codinglair-taf-runtime/taf-messaging-jms","com.codinglair.taf.messaging.jms","codinglair-taf-runtime/taf-messaging-jms/src/main/java/com/codinglair/taf/messaging/jms/DefaultJmsController.java","DefaultJmsController","publish(JmsDestination, MessageEnvelope)","100","25","main","[public]","4","2","True",,"","Screening only: length/depth/copy is not a refactoring mandate"
"codinglair-taf-runtime/taf-messaging-jms","com.codinglair.taf.messaging.jms","codinglair-taf-runtime/taf-messaging-jms/src/main/java/com/codinglair/taf/messaging/jms/DefaultJmsController.java","DefaultJmsController","receive(JmsDestination, String, String, MessageQuery)","150","52","main","[private]","12","5","True",,"KISS-042","Selected: see report scope and preservation checks"
"codinglair-taf-runtime/taf-messaging-jms","com.codinglair.taf.messaging.jms","codinglair-taf-runtime/taf-messaging-jms/src/main/java/com/codinglair/taf/messaging/jms/DefaultJmsController.java","DefaultJmsController","close()","214","19","main","[public]","4","3","False",,"","Screening only: length/depth/copy is not a refactoring mandate"
"codinglair-taf-runtime/taf-messaging-jms","com.codinglair.taf.messaging.jms","codinglair-taf-runtime/taf-messaging-jms/src/main/java/com/codinglair/taf/messaging/jms/DefaultJmsController.java","DefaultJmsController","fromNative(JmsDestination, Message)","234","29","main","[private]","6","2","True",,"","Screening only: length/depth/copy is not a refactoring mandate"
"codinglair-taf-runtime/taf-messaging-jms","com.codinglair.taf.messaging.jms","codinglair-taf-runtime/taf-messaging-jms/src/main/java/com/codinglair/taf/messaging/jms/JmsAutoConfiguration.java","JmsAutoConfiguration","jmsPreflightContributor(JmsProperties)","46","9","main","[]","1","1","False","COPY-008","","Screening only: length/depth/copy is not a refactoring mandate"
"codinglair-taf-runtime/taf-messaging-jms","com.codinglair.taf.messaging.jms","codinglair-taf-runtime/taf-messaging-jms/src/test/java/com/codinglair/taf/messaging/jms/JmsAutoConfigurationTest.java","JmsAutoConfigurationTest.Conditions","namedControllers()","28","26","test","[]","1","1","True",,"","Screening only: length/depth/copy is not a refactoring mandate"
"codinglair-taf-runtime/taf-messaging-jms","com.codinglair.taf.messaging.jms","codinglair-taf-runtime/taf-messaging-jms/src/test/java/com/codinglair/taf/messaging/jms/JmsContainerContractTest.java","JmsContainerContractTest.NativeSemantics","selector()","56","25","test","[]","1","1","True",,"","Screening only: length/depth/copy is not a refactoring mandate"
"codinglair-taf-runtime/taf-messaging-jms","com.codinglair.taf.messaging.jms","codinglair-taf-runtime/taf-messaging-jms/src/test/java/com/codinglair/taf/messaging/jms/JmsContainerContractTest.java","JmsContainerContractTest.NativeSemantics","durableCleanup()","82","37","test","[]","1","1","True",,"","Screening only: length/depth/copy is not a refactoring mandate"
"codinglair-taf-runtime/taf-messaging-kafka","com.codinglair.taf.messaging.kafka","codinglair-taf-runtime/taf-messaging-kafka/src/main/java/com/codinglair/taf/messaging/kafka/DefaultKafkaController.java","DefaultKafkaController","initialize(ControllerContext)","53","28","main","[public]","4","2","True",,"","Screening only: length/depth/copy is not a refactoring mandate"
"codinglair-taf-runtime/taf-messaging-kafka","com.codinglair.taf.messaging.kafka","codinglair-taf-runtime/taf-messaging-kafka/src/main/java/com/codinglair/taf/messaging/kafka/DefaultKafkaController.java","DefaultKafkaController","health()","82","23","main","[public]","4","3","True",,"","Screening only: length/depth/copy is not a refactoring mandate"
"codinglair-taf-runtime/taf-messaging-kafka","com.codinglair.taf.messaging.kafka","codinglair-taf-runtime/taf-messaging-kafka/src/main/java/com/codinglair/taf/messaging/kafka/DefaultKafkaController.java","DefaultKafkaController","publish(String, MessageEnvelope)","106","44","main","[public]","3","2","True",,"","Screening only: length/depth/copy is not a refactoring mandate"
"codinglair-taf-runtime/taf-messaging-kafka","com.codinglair.taf.messaging.kafka","codinglair-taf-runtime/taf-messaging-kafka/src/main/java/com/codinglair/taf/messaging/kafka/DefaultKafkaController.java","DefaultKafkaController","consume(MessageQuery, String)","156","48","main","[public]","10","4","True",,"KISS-043","Selected: see report scope and preservation checks"
"codinglair-taf-runtime/taf-messaging-kafka","com.codinglair.taf.messaging.kafka","codinglair-taf-runtime/taf-messaging-kafka/src/main/java/com/codinglair/taf/messaging/kafka/DefaultKafkaController.java","DefaultKafkaController","ensureTopic(String)","248","41","main","[private]","12","3","True",,"KISS-044","Selected: see report scope and preservation checks"
"codinglair-taf-runtime/taf-messaging-kafka","com.codinglair.taf.messaging.kafka","codinglair-taf-runtime/taf-messaging-kafka/src/main/java/com/codinglair/taf/messaging/kafka/DefaultKafkaController.java","DefaultKafkaController","fromNative(ConsumerRecord<byte[], byte[]>, String)","290","25","main","[private]","4","2","True",,"","Screening only: length/depth/copy is not a refactoring mandate"
"codinglair-taf-runtime/taf-messaging-kafka","com.codinglair.taf.messaging.kafka","codinglair-taf-runtime/taf-messaging-kafka/src/main/java/com/codinglair/taf/messaging/kafka/DefaultKafkaController.java","DefaultKafkaController","removeMatch(MessageQuery)","359","13","main","[private]","2","2","False","COPY-003","","Screening only: length/depth/copy is not a refactoring mandate"
"codinglair-taf-runtime/taf-messaging-kafka","com.codinglair.taf.messaging.kafka","codinglair-taf-runtime/taf-messaging-kafka/src/main/java/com/codinglair/taf/messaging/kafka/KafkaAutoConfiguration.java","KafkaAutoConfiguration","kafkaPreflightContributor(KafkaProperties)","49","9","main","[]","1","1","False","COPY-008","","Screening only: length/depth/copy is not a refactoring mandate"
"codinglair-taf-runtime/taf-messaging-kafka","com.codinglair.taf.messaging.kafka","codinglair-taf-runtime/taf-messaging-kafka/src/test/java/com/codinglair/taf/messaging/kafka/KafkaAutoConfigurationTest.java","KafkaAutoConfigurationTest.Conditions","namedControllers()","46","25","test","[]","1","1","True",,"","Screening only: length/depth/copy is not a refactoring mandate"
"codinglair-taf-runtime/taf-messaging-kafka","com.codinglair.taf.messaging.kafka","codinglair-taf-runtime/taf-messaging-kafka/src/test/java/com/codinglair/taf/messaging/kafka/KafkaContainerContractTest.java","KafkaContainerContractTest.NativeSemantics","freshAndReusedGroups()","62","26","test","[]","1","1","True",,"","Screening only: length/depth/copy is not a refactoring mandate"
"codinglair-taf-runtime/taf-messaging-kafka","com.codinglair.taf.messaging.kafka","codinglair-taf-runtime/taf-messaging-kafka/src/test/java/com/codinglair/taf/messaging/kafka/KafkaContainerContractTest.java","KafkaContainerContractTest.Harness","<init>(String)","95","67","test","[private]","0","0","True",,"","Screening only: length/depth/copy is not a refactoring mandate"
"codinglair-taf-runtime/taf-messaging-kafka","com.codinglair.taf.messaging.kafka","codinglair-taf-runtime/taf-messaging-kafka/src/test/java/com/codinglair/taf/messaging/kafka/KafkaEvidenceBoundTest.java","KafkaEvidenceBoundTest.ConcurrentRetention","boundedEvidence()","21","26","test","[]","2","2","True",,"","Screening only: length/depth/copy is not a refactoring mandate"
"codinglair-taf-runtime/taf-messaging-kafka","com.codinglair.taf.messaging.kafka","codinglair-taf-runtime/taf-messaging-kafka/src/test/java/com/codinglair/taf/messaging/kafka/KafkaSerializerAdapterTest.java","KafkaSerializerAdapterTest","roundTrip()","12","22","test","[]","0","0","True",,"","Screening only: length/depth/copy is not a refactoring mandate"
"codinglair-taf-runtime/taf-messaging-kafka","com.codinglair.taf.messaging.kafka","codinglair-taf-runtime/taf-messaging-kafka/src/test/java/com/codinglair/taf/messaging/kafka/KafkaUnavailableDiagnosticTest.java","KafkaUnavailableDiagnosticTest","unavailableBroker()","16","24","test","[]","0","0","True",,"","Screening only: length/depth/copy is not a refactoring mandate"
"codinglair-taf-runtime/taf-messaging-rabbitmq","com.codinglair.taf.messaging.rabbitmq","codinglair-taf-runtime/taf-messaging-rabbitmq/src/main/java/com/codinglair/taf/messaging/rabbitmq/DefaultRabbitController.java","DefaultRabbitController","initialize(ControllerContext)","53","27","main","[public]","4","2","True",,"","Screening only: length/depth/copy is not a refactoring mandate"
"codinglair-taf-runtime/taf-messaging-rabbitmq","com.codinglair.taf.messaging.rabbitmq","codinglair-taf-runtime/taf-messaging-rabbitmq/src/main/java/com/codinglair/taf/messaging/rabbitmq/DefaultRabbitController.java","DefaultRabbitController","consume(MessageQuery, RabbitAcknowledgment)","135","48","main","[public]","8","3","True",,"KISS-045","Selected: see report scope and preservation checks"
"codinglair-taf-runtime/taf-messaging-rabbitmq","com.codinglair.taf.messaging.rabbitmq","codinglair-taf-runtime/taf-messaging-rabbitmq/src/main/java/com/codinglair/taf/messaging/rabbitmq/DefaultRabbitController.java","DefaultRabbitController","publishNative(String, String, String, MessageEnvelope)","207","27","main","[private]","0","0","True",,"","Screening only: length/depth/copy is not a refactoring mandate"
"codinglair-taf-runtime/taf-messaging-rabbitmq","com.codinglair.taf.messaging.rabbitmq","codinglair-taf-runtime/taf-messaging-rabbitmq/src/main/java/com/codinglair/taf/messaging/rabbitmq/DefaultRabbitController.java","DefaultRabbitController","fromNative(String, GetResponse)","235","27","main","[private]","6","2","True",,"","Screening only: length/depth/copy is not a refactoring mandate"
"codinglair-taf-runtime/taf-messaging-rabbitmq","com.codinglair.taf.messaging.rabbitmq","codinglair-taf-runtime/taf-messaging-rabbitmq/src/main/java/com/codinglair/taf/messaging/rabbitmq/DefaultRabbitController.java","DefaultRabbitController","removeMatch(MessageQuery)","297","13","main","[private]","2","2","False","COPY-003","","Screening only: length/depth/copy is not a refactoring mandate"
"codinglair-taf-runtime/taf-messaging-rabbitmq","com.codinglair.taf.messaging.rabbitmq","codinglair-taf-runtime/taf-messaging-rabbitmq/src/main/java/com/codinglair/taf/messaging/rabbitmq/RabbitAutoConfiguration.java","RabbitAutoConfiguration","rabbitPreflightContributor(RabbitProperties)","53","9","main","[]","1","1","False","COPY-008","","Screening only: length/depth/copy is not a refactoring mandate"
"codinglair-taf-runtime/taf-messaging-rabbitmq","com.codinglair.taf.messaging.rabbitmq","codinglair-taf-runtime/taf-messaging-rabbitmq/src/test/java/com/codinglair/taf/messaging/rabbitmq/RabbitAutoConfigurationTest.java","RabbitAutoConfigurationTest.Conditions","namedControllers()","47","25","test","[]","1","1","True",,"","Screening only: length/depth/copy is not a refactoring mandate"
"codinglair-taf-runtime/taf-messaging-rabbitmq","com.codinglair.taf.messaging.rabbitmq","codinglair-taf-runtime/taf-messaging-rabbitmq/src/test/java/com/codinglair/taf/messaging/rabbitmq/RabbitContainerContractTest.java","RabbitContainerContractTest.NativeSemantics","routingMatrix()","63","34","test","[]","1","1","True",,"","Screening only: length/depth/copy is not a refactoring mandate"
"codinglair-taf-runtime/taf-messaging-rabbitmq","com.codinglair.taf.messaging.rabbitmq","codinglair-taf-runtime/taf-messaging-rabbitmq/src/test/java/com/codinglair/taf/messaging/rabbitmq/RabbitContainerContractTest.java","RabbitContainerContractTest.NativeSemantics","nackAndRequeue()","98","22","test","[]","1","1","True",,"","Screening only: length/depth/copy is not a refactoring mandate"
"codinglair-taf-runtime/taf-messaging-rabbitmq","com.codinglair.taf.messaging.rabbitmq","codinglair-taf-runtime/taf-messaging-rabbitmq/src/test/java/com/codinglair/taf/messaging/rabbitmq/RabbitContainerContractTest.java","RabbitContainerContractTest.Harness","<init>(String)","171","69","test","[private]","0","0","True",,"","Screening only: length/depth/copy is not a refactoring mandate"
"codinglair-taf-runtime/taf-messaging-rabbitmq","com.codinglair.taf.messaging.rabbitmq","codinglair-taf-runtime/taf-messaging-rabbitmq/src/test/java/com/codinglair/taf/messaging/rabbitmq/RabbitUnavailableDiagnosticTest.java","RabbitUnavailableDiagnosticTest","unavailableBroker()","15","27","test","[]","0","0","True",,"","Screening only: length/depth/copy is not a refactoring mandate"
"codinglair-taf-runtime/taf-mobile-appium","com.codinglair.taf.mobile.appium","codinglair-taf-runtime/taf-mobile-appium/src/main/java/com/codinglair/taf/mobile/appium/DefaultAndroidController.java","DefaultAndroidController","initialize(ControllerContext)","51","22","main","[public]","4","2","True",,"","Screening only: length/depth/copy is not a refactoring mandate"
"codinglair-taf-runtime/taf-mobile-appium","com.codinglair.taf.mobile.appium","codinglair-taf-runtime/taf-mobile-appium/src/main/java/com/codinglair/taf/mobile/appium/DefaultAndroidController.java","DefaultAndroidController","collectArtifacts(ArtifactReason)","94","29","main","[public]","8","3","True",,"","Screening only: length/depth/copy is not a refactoring mandate"
"codinglair-taf-runtime/taf-mobile-appium","com.codinglair.taf.mobile.appium","codinglair-taf-runtime/taf-mobile-appium/src/main/java/com/codinglair/taf/mobile/appium/DefaultAndroidController.java","DefaultAndroidController","cleanup(Throwable)","133","30","main","[private]","12","3","True",,"","Screening only: length/depth/copy is not a refactoring mandate"
"codinglair-taf-runtime/taf-mobile-appium","com.codinglair.taf.mobile.appium","codinglair-taf-runtime/taf-mobile-appium/src/test/java/com/codinglair/taf/mobile/appium/AndroidAutoConfigurationTest.java","AndroidAutoConfigurationTest","registersNamedControllersLazily()","26","21","test","[]","1","1","True",,"","Screening only: length/depth/copy is not a refactoring mandate"
"codinglair-taf-runtime/taf-mobile-appium","com.codinglair.taf.mobile.appium","codinglair-taf-runtime/taf-mobile-appium/src/test/java/com/codinglair/taf/mobile/appium/AndroidControllerLifecycleTest.java","AndroidControllerLifecycleTest.DeviceFreeBehavior","initializationFailureIsStructuredAndCleanupIsIdempotent()","17","23","test","[]","0","0","True",,"","Screening only: length/depth/copy is not a refactoring mandate"
"codinglair-taf-runtime/taf-mobile-appium","com.codinglair.taf.mobile.appium","codinglair-taf-runtime/taf-mobile-appium/src/test/java/com/codinglair/taf/mobile/appium/AndroidEmulatorSmokeTest.java","AndroidEmulatorSmokeTest","opensConfiguredSession()","16","33","test","[]","1","1","True",,"","Screening only: length/depth/copy is not a refactoring mandate"
"codinglair-taf-runtime/taf-mobile-appium","com.codinglair.taf.mobile.appium","codinglair-taf-runtime/taf-mobile-appium/src/test/java/com/codinglair/taf/mobile/appium/AppleAutoConfigurationTest.java","AppleAutoConfigurationTest","evidencePolicyBinding()","29","21","test","[]","0","0","True",,"","Screening only: length/depth/copy is not a refactoring mandate"
"codinglair-taf-runtime/taf-mobile-appium","com.codinglair.taf.mobile.appium","codinglair-taf-runtime/taf-mobile-appium/src/test/java/com/codinglair/taf/mobile/appium/AppleAutoConfigurationTest.java","AppleAutoConfigurationTest","explicitDenial()","51","42","test","[]","0","0","True",,"","Screening only: length/depth/copy is not a refactoring mandate"
"codinglair-taf-runtime/taf-mobile-appium","com.codinglair.taf.mobile.appium","codinglair-taf-runtime/taf-mobile-appium/src/test/java/com/codinglair/taf/mobile/appium/AppleAutoConfigurationTest.java","AppleAutoConfigurationTest","lazy()","138","43","test","[]","1","1","True",,"","Screening only: length/depth/copy is not a refactoring mandate"
"codinglair-taf-runtime/taf-mobile-appium","com.codinglair.taf.mobile.appium","codinglair-taf-runtime/taf-mobile-appium/src/test/java/com/codinglair/taf/mobile/appium/AppleAutoConfigurationTest.java","AppleAutoConfigurationTest","nestedBinding()","201","33","test","[]","0","0","True",,"","Screening only: length/depth/copy is not a refactoring mandate"
"codinglair-taf-runtime/taf-mobile-appium","com.codinglair.taf.mobile.appium","codinglair-taf-runtime/taf-mobile-appium/src/test/java/com/codinglair/taf/mobile/appium/AppleAutoConfigurationTest.java","AppleAutoConfigurationTest","providerBinding()","235","31","test","[]","0","0","True",,"","Screening only: length/depth/copy is not a refactoring mandate"
"codinglair-taf-runtime/taf-mobile-appium","com.codinglair.taf.mobile.appium","codinglair-taf-runtime/taf-mobile-appium/src/test/java/com/codinglair/taf/mobile/appium/AppleConfigurationTest.java","AppleConfigurationTest.Routing","routes(MobileDeviceFamily, MobileDeviceKind, MobileExecutionMode, MobileTopology)","48","23","test","[]","3","1","True",,"","Screening only: length/depth/copy is not a refactoring mandate"
"codinglair-taf-runtime/taf-mobile-appium","com.codinglair.taf.mobile.appium","codinglair-taf-runtime/taf-mobile-appium/src/test/java/com/codinglair/taf/mobile/appium/AppleConfigurationTest.java","AppleConfigurationTest","invalidSettings()","127","44","test","[static]","0","0","True",,"","Screening only: length/depth/copy is not a refactoring mandate"
"codinglair-taf-runtime/taf-mobile-appium","com.codinglair.taf.mobile.appium","codinglair-taf-runtime/taf-mobile-appium/src/test/java/com/codinglair/taf/mobile/appium/AppleConfigurationTest.java","AppleConfigurationTest.Merging","genericAndAuthentication()","212","23","test","[]","0","0","True",,"","Screening only: length/depth/copy is not a refactoring mandate"
"codinglair-taf-runtime/taf-mobile-appium","com.codinglair.taf.mobile.appium","codinglair-taf-runtime/taf-mobile-appium/src/test/java/com/codinglair/taf/mobile/appium/AppleConfigurationTest.java","AppleConfigurationTest.Merging","json()","254","29","test","[]","0","0","True",,"","Screening only: length/depth/copy is not a refactoring mandate"
"codinglair-taf-runtime/taf-mobile-appium","com.codinglair.taf.mobile.appium","codinglair-taf-runtime/taf-mobile-appium/src/test/java/com/codinglair/taf/mobile/appium/AppleEvidenceProtocolTest.java","AppleEvidenceProtocolTest","outcomes(String)","48","38","test","[]","1","1","True",,"","Screening only: length/depth/copy is not a refactoring mandate"
"codinglair-taf-runtime/taf-mobile-appium","com.codinglair.taf.mobile.appium","codinglair-taf-runtime/taf-mobile-appium/src/test/java/com/codinglair/taf/mobile/appium/AppleEvidenceProtocolTest.java","AppleEvidenceProtocolTest","providerVideo(boolean)","208","50","test","[]","3","1","True",,"","Screening only: length/depth/copy is not a refactoring mandate"
"codinglair-taf-runtime/taf-mobile-appium","com.codinglair.taf.mobile.appium","codinglair-taf-runtime/taf-mobile-appium/src/test/java/com/codinglair/taf/mobile/appium/AppleOperationsProtocolTest.java","AppleOperationsProtocolTest","isolation()","44","21","test","[]","2","2","True",,"","Screening only: length/depth/copy is not a refactoring mandate"
"codinglair-taf-runtime/taf-mobile-appium","com.codinglair.taf.mobile.appium","codinglair-taf-runtime/taf-mobile-appium/src/test/java/com/codinglair/taf/mobile/appium/AppleOperationsProtocolTest.java","AppleOperationsProtocolTest","operations()","100","44","test","[]","0","0","True",,"","Screening only: length/depth/copy is not a refactoring mandate"
"codinglair-taf-runtime/taf-mobile-appium","com.codinglair.taf.mobile.appium","codinglair-taf-runtime/taf-mobile-appium/src/test/java/com/codinglair/taf/mobile/appium/AppleOperationsProtocolTest.java","AppleOperationsProtocolTest","reset(LifecyclePolicy)","145","36","test","[]","2","1","True",,"","Screening only: length/depth/copy is not a refactoring mandate"
"codinglair-taf-runtime/taf-mobile-appium","com.codinglair.taf.mobile.appium","codinglair-taf-runtime/taf-mobile-appium/src/test/java/com/codinglair/taf/mobile/appium/AppleOperationsProtocolTest.java","AppleOperationsProtocolTest","timeout()","217","26","test","[]","1","1","True",,"","Screening only: length/depth/copy is not a refactoring mandate"
"codinglair-taf-runtime/taf-mobile-appium","com.codinglair.taf.mobile.appium","codinglair-taf-runtime/taf-mobile-appium/src/test/java/com/codinglair/taf/mobile/appium/AppleProtocolFixture.java","AppleProtocolFixture","start()","31","99","test","[]","29","16","True",,"KISS-046","Selected: see report scope and preservation checks"
"codinglair-taf-runtime/taf-mobile-appium","com.codinglair.taf.mobile.appium","codinglair-taf-runtime/taf-mobile-appium/src/test/java/com/codinglair/taf/mobile/appium/AppleReadinessTest.java","AppleReadinessTest","negative(String)","31","25","test","[]","0","0","True",,"","Screening only: length/depth/copy is not a refactoring mandate"
"codinglair-taf-runtime/taf-mobile-appium","com.codinglair.taf.mobile.appium","codinglair-taf-runtime/taf-mobile-appium/src/test/java/com/codinglair/taf/mobile/appium/AppleReadinessTest.java","AppleReadinessTest","declarations()","87","27","test","[]","0","0","True",,"","Screening only: length/depth/copy is not a refactoring mandate"
"codinglair-taf-runtime/taf-mobile-appium","com.codinglair.taf.mobile.appium","codinglair-taf-runtime/taf-mobile-appium/src/test/java/com/codinglair/taf/mobile/appium/AppleSessionProtocolTest.java","AppleSessionProtocolTest","start()","65","53","test","[]","9","3","True",,"","Screening only: length/depth/copy is not a refactoring mandate"
"codinglair-taf-runtime/taf-mobile-appium","com.codinglair.taf.mobile.appium","codinglair-taf-runtime/taf-mobile-appium/src/test/java/com/codinglair/taf/mobile/appium/AppleSessionProtocolTest.java","AppleSessionProtocolTest","create(MobileExecutionMode)","134","32","test","[]","3","2","True",,"","Screening only: length/depth/copy is not a refactoring mandate"
"codinglair-taf-runtime/taf-mobile-appium","com.codinglair.taf.mobile.appium","codinglair-taf-runtime/taf-mobile-appium/src/test/java/com/codinglair/taf/mobile/appium/AppleSessionProtocolTest.java","AppleSessionProtocolTest","rejected()","167","24","test","[]","1","1","True",,"","Screening only: length/depth/copy is not a refactoring mandate"
"codinglair-taf-runtime/taf-mobile-appium","com.codinglair.taf.mobile.appium","codinglair-taf-runtime/taf-mobile-appium/src/test/java/com/codinglair/taf/mobile/appium/AppleSessionProtocolTest.java","AppleSessionProtocolTest","closeRace()","204","28","test","[]","1","1","True",,"","Screening only: length/depth/copy is not a refactoring mandate"
"codinglair-taf-runtime/taf-mobile-appium","com.codinglair.taf.mobile.appium","codinglair-taf-runtime/taf-mobile-appium/src/test/java/com/codinglair/taf/mobile/appium/AppleSessionProtocolTest.java","AppleSessionProtocolTest","verticalSession()","233","32","test","[]","1","1","True",,"","Screening only: length/depth/copy is not a refactoring mandate"
"codinglair-taf-runtime/taf-mobile-appium","com.codinglair.taf.mobile.appium","codinglair-taf-runtime/taf-mobile-appium/src/test/java/com/codinglair/taf/mobile/appium/AppleSessionProtocolTest.java","AppleSessionProtocolTest","isolated()","299","52","test","[]","2","1","True",,"","Screening only: length/depth/copy is not a refactoring mandate"
"codinglair-taf-runtime/taf-mobile-appium","com.codinglair.taf.mobile.appium","codinglair-taf-runtime/taf-mobile-appium/src/test/java/com/codinglair/taf/mobile/appium/AppleSessionProtocolTest.java","AppleSessionProtocolTest","uncertainTimeout()","352","26","test","[]","0","0","True",,"","Screening only: length/depth/copy is not a refactoring mandate"
"codinglair-taf-runtime/taf-mobile-appium","com.codinglair.taf.mobile.appium","codinglair-taf-runtime/taf-mobile-appium/src/test/java/com/codinglair/taf/mobile/appium/AppleSessionProtocolTest.java","AppleSessionProtocolTest","cancelledCreation()","379","43","test","[]","3","2","True",,"","Screening only: length/depth/copy is not a refactoring mandate"
"codinglair-taf-runtime/taf-mobile-appium","com.codinglair.taf.mobile.appium","codinglair-taf-runtime/taf-mobile-appium/src/test/java/com/codinglair/taf/mobile/appium/AppleSessionProtocolTest.java","AppleSessionProtocolTest","allocated()","439","40","test","[]","1","1","True",,"","Screening only: length/depth/copy is not a refactoring mandate"
"codinglair-taf-runtime/taf-mobile-appium","com.codinglair.taf.mobile.appium","codinglair-taf-runtime/taf-mobile-appium/src/test/java/com/codinglair/taf/mobile/appium/AppleSessionProtocolTest.java","AppleSessionProtocolTest","identifiableTimeout(boolean)","480","42","test","[]","1","1","True",,"","Screening only: length/depth/copy is not a refactoring mandate"
"codinglair-taf-runtime/taf-mobile-appium","com.codinglair.taf.mobile.appium","codinglair-taf-runtime/taf-mobile-appium/src/test/java/com/codinglair/taf/mobile/appium/AppleSessionProtocolTest.java","AppleSessionProtocolTest","invalidAllocation(String)","523","33","test","[]","2","1","True",,"","Screening only: length/depth/copy is not a refactoring mandate"
"codinglair-taf-runtime/taf-mobile-appium","com.codinglair.taf.mobile.appium","codinglair-taf-runtime/taf-mobile-appium/src/test/java/com/codinglair/taf/mobile/appium/AppleSessionProtocolTest.java","AppleSessionProtocolTest","primaryFailure()","557","31","test","[]","0","0","True",,"","Screening only: length/depth/copy is not a refactoring mandate"
"codinglair-taf-runtime/taf-mobile-appium","com.codinglair.taf.mobile.appium","codinglair-taf-runtime/taf-mobile-appium/src/test/java/com/codinglair/taf/mobile/appium/AppleTransportSecurityTest.java","AppleTransportSecurityTest","secureFixture()","64","52","test","[]","8","4","True",,"KISS-047","Selected: see report scope and preservation checks"
"codinglair-taf-runtime/taf-mobile-appium","com.codinglair.taf.mobile.appium","codinglair-taf-runtime/taf-mobile-appium/src/test/java/com/codinglair/taf/mobile/appium/AppleTransportSecurityTest.java","AppleTransportSecurityTest","mechanisms(Mechanism)","124","44","test","[]","3","2","True",,"","Screening only: length/depth/copy is not a refactoring mandate"
"codinglair-taf-runtime/taf-mobile-appium","com.codinglair.taf.mobile.appium","codinglair-taf-runtime/taf-mobile-appium/src/test/java/com/codinglair/taf/mobile/appium/AppleTransportSecurityTest.java","AppleTransportSecurityTest","overrides()","211","22","test","[]","2","2","True",,"","Screening only: length/depth/copy is not a refactoring mandate"
"codinglair-taf-runtime/taf-mobile-appium","com.codinglair.taf.mobile.appium","codinglair-taf-runtime/taf-mobile-appium/src/test/java/com/codinglair/taf/mobile/appium/AppleTransportSecurityTest.java","AppleTransportSecurityTest","secretFailureReleasesReservation()","307","39","test","[]","1","1","True",,"","Screening only: length/depth/copy is not a refactoring mandate"
"codinglair-taf-runtime/taf-mobile-appium","com.codinglair.taf.mobile.appium","codinglair-taf-runtime/taf-mobile-appium/src/test/java/com/codinglair/taf/mobile/appium/AppleTransportSecurityTest.java","AppleTransportSecurityTest","logging()","347","33","test","[]","1","1","True",,"","Screening only: length/depth/copy is not a refactoring mandate"
"codinglair-taf-runtime/taf-mobile-appium","com.codinglair.taf.mobile.appium","codinglair-taf-runtime/taf-mobile-appium/src/test/java/com/codinglair/taf/mobile/appium/SharedCheckoutTaskTest.java","SharedCheckoutTaskTest","sharedTask()","93","34","test","[]","1","1","True",,"","Screening only: length/depth/copy is not a refactoring mandate"
"codinglair-taf-runtime/taf-mobile-appium","com.codinglair.taf.mobile.appium.configuration","codinglair-taf-runtime/taf-mobile-appium/src/main/java/com/codinglair/taf/mobile/appium/configuration/AppleAuthentication.java","AppleAuthentication","validate()","60","55","main","[]","8","2","True",,"KISS-048","Selected: see report scope and preservation checks"
"codinglair-taf-runtime/taf-mobile-appium","com.codinglair.taf.mobile.appium.configuration","codinglair-taf-runtime/taf-mobile-appium/src/main/java/com/codinglair/taf/mobile/appium/configuration/AppleAutoConfiguration.java","AppleAutoConfiguration","appleControllerFactory(AppleProperties, ObjectProvider<AppleTransportSecurity>, ObjectProvider<SecretManager>, ObjectProvider<ResourceAuthorizer>)","39","24","main","[]","1","1","True",,"","Screening only: length/depth/copy is not a refactoring mandate"
"codinglair-taf-runtime/taf-mobile-appium","com.codinglair.taf.mobile.appium.configuration","codinglair-taf-runtime/taf-mobile-appium/src/main/java/com/codinglair/taf/mobile/appium/configuration/AppleAutoConfiguration.java","AppleAutoConfiguration","applePreflightContributor(AppleProperties)","76","27","main","[]","2","2","True",,"","Screening only: length/depth/copy is not a refactoring mandate"
"codinglair-taf-runtime/taf-mobile-appium","com.codinglair.taf.mobile.appium.configuration","codinglair-taf-runtime/taf-mobile-appium/src/main/java/com/codinglair/taf/mobile/appium/configuration/AppleControllerSettings.java","AppleControllerSettings","merge(AppleControllerSettings, AppleControllerSettings, AppleControllerSettings)","113","60","main","[public, static]","35","4","True",,"KISS-050","Selected: see report scope and preservation checks"
"codinglair-taf-runtime/taf-mobile-appium","com.codinglair.taf.mobile.appium.configuration","codinglair-taf-runtime/taf-mobile-appium/src/main/java/com/codinglair/taf/mobile/appium/configuration/AppleControllerSettings.java","AppleControllerSettings","validate()","188","69","main","[public]","20","5","True",,"KISS-049","Selected: see report scope and preservation checks"
"codinglair-taf-runtime/taf-mobile-appium","com.codinglair.taf.mobile.appium.configuration","codinglair-taf-runtime/taf-mobile-appium/src/main/java/com/codinglair/taf/mobile/appium/configuration/JsonOptions.java","JsonOptions","object(Map<?, ?>, int, int[])","24","27","main","[private, static]","3","1","True",,"","Screening only: length/depth/copy is not a refactoring mandate"
"codinglair-taf-runtime/taf-mobile-appium","com.codinglair.taf.mobile.appium.configuration","codinglair-taf-runtime/taf-mobile-appium/src/main/java/com/codinglair/taf/mobile/appium/configuration/JsonOptions.java","JsonOptions","value(Object, int, int[])","52","38","main","[private, static]","6","2","True",,"","Screening only: length/depth/copy is not a refactoring mandate"
"codinglair-taf-runtime/taf-mobile-appium","com.codinglair.taf.mobile.appium.configuration","codinglair-taf-runtime/taf-mobile-appium/src/main/java/com/codinglair/taf/mobile/appium/configuration/JsonOptions.java","JsonOptions","validateCapabilities(Map<String, Object>)","120","43","main","[static]","1","1","True",,"","Screening only: length/depth/copy is not a refactoring mandate"
"codinglair-taf-runtime/taf-mobile-appium","com.codinglair.taf.mobile.appium.evidence","codinglair-taf-runtime/taf-mobile-appium/src/main/java/com/codinglair/taf/mobile/appium/evidence/AppleEvidence.java","AppleEvidence","collect(IOSDriver, ArtifactReason)","48","84","main","[public]","16","3","True",,"KISS-051","Selected: see report scope and preservation checks"
"codinglair-taf-runtime/taf-mobile-appium","com.codinglair.taf.mobile.appium.evidence","codinglair-taf-runtime/taf-mobile-appium/src/main/java/com/codinglair/taf/mobile/appium/evidence/AppleEvidence.java","AppleEvidence","capture(List<TestArtifact>, String, String, String, Supplier<String>)","141","25","main","[private]","6","2","True",,"","Screening only: length/depth/copy is not a refactoring mandate"
"codinglair-taf-runtime/taf-mobile-appium","com.codinglair.taf.mobile.appium.platform","codinglair-taf-runtime/taf-mobile-appium/src/main/java/com/codinglair/taf/mobile/appium/platform/AndroidPlatformStrategy.java","AndroidPlatformStrategy","create(AndroidControllerSettings, ResourceAuthorizer)","19","28","main","[public]","5","1","True",,"","Screening only: length/depth/copy is not a refactoring mandate"
"codinglair-taf-runtime/taf-mobile-appium","com.codinglair.taf.mobile.appium.platform","codinglair-taf-runtime/taf-mobile-appium/src/main/java/com/codinglair/taf/mobile/appium/platform/AndroidPlatformStrategy.java","AndroidPlatformStrategy","authorize(AndroidControllerSettings, ResourceAuthorizer, String)","48","21","main","[private, static]","2","1","True",,"","Screening only: length/depth/copy is not a refactoring mandate"
"codinglair-taf-runtime/taf-mobile-appium","com.codinglair.taf.mobile.appium.platform","codinglair-taf-runtime/taf-mobile-appium/src/main/java/com/codinglair/taf/mobile/appium/platform/AppleHttpClient.java","AppleHttpClient","execute(org.openqa.selenium.remote.http.HttpRequest)","61","175","main","[public]","32","5","True",,"KISS-052","Selected: see report scope and preservation checks"
"codinglair-taf-runtime/taf-mobile-appium","com.codinglair.taf.mobile.appium.platform","codinglair-taf-runtime/taf-mobile-appium/src/main/java/com/codinglair/taf/mobile/appium/platform/AppleHttpClient.java","AppleHttpClient","inspectResources(Object, String)","237","25","main","[private]","5","3","True",,"","Screening only: length/depth/copy is not a refactoring mandate"
"codinglair-taf-runtime/taf-mobile-appium","com.codinglair.taf.mobile.appium.platform","codinglair-taf-runtime/taf-mobile-appium/src/main/java/com/codinglair/taf/mobile/appium/platform/AppleHttpClient.java","AppleHttpClient","replaceReferences(Object, Map<String, String>)","282","15","main","[private, static]","3","3","False",,"","Screening only: length/depth/copy is not a refactoring mandate"
"codinglair-taf-runtime/taf-mobile-appium","com.codinglair.taf.mobile.appium.platform","codinglair-taf-runtime/taf-mobile-appium/src/main/java/com/codinglair/taf/mobile/appium/platform/AppleHttpClient.java","AppleHttpClient","scrub(Object, List<String>)","319","42","main","[private, static]","3","2","True",,"KISS-053","Selected: see report scope and preservation checks"
"codinglair-taf-runtime/taf-mobile-appium","com.codinglair.taf.mobile.appium.platform","codinglair-taf-runtime/taf-mobile-appium/src/main/java/com/codinglair/taf/mobile/appium/platform/ApplePlatformStrategy.java","ApplePlatformStrategy","options(AppleControllerSettings)","14","24","main","[public]","5","2","True",,"","Screening only: length/depth/copy is not a refactoring mandate"
"codinglair-taf-runtime/taf-mobile-appium","com.codinglair.taf.mobile.appium.service","codinglair-taf-runtime/taf-mobile-appium/src/main/java/com/codinglair/taf/mobile/appium/service/AppleAllocation.java","AppleAllocation","apply(AppleControllerSettings, EnvironmentAccess)","11","23","main","[static]","8","1","True",,"","Screening only: length/depth/copy is not a refactoring mandate"
"codinglair-taf-runtime/taf-mobile-appium","com.codinglair.taf.mobile.appium.service","codinglair-taf-runtime/taf-mobile-appium/src/main/java/com/codinglair/taf/mobile/appium/service/AppleReadiness.java","AppleReadiness","inspect(AppleControllerSettings)","18","39","main","[public, static]","9","3","True",,"","Screening only: length/depth/copy is not a refactoring mandate"
"codinglair-taf-runtime/taf-mobile-appium","com.codinglair.taf.mobile.appium.service","codinglair-taf-runtime/taf-mobile-appium/src/main/java/com/codinglair/taf/mobile/appium/service/AppleResourceReservations.java","AppleResourceReservations","acquire(AppleControllerSettings)","13","22","main","[public, synchronized]","7","1","True",,"","Screening only: length/depth/copy is not a refactoring mandate"
"codinglair-taf-runtime/taf-mobile-appium","com.codinglair.taf.mobile.appium.service","codinglair-taf-runtime/taf-mobile-appium/src/main/java/com/codinglair/taf/mobile/appium/service/AppleTransportSecurity.java","AppleTransportSecurity","trusted(AppleControllerSettings, SecretManager)","33","22","main","[public, static]","5","1","True",,"","Screening only: length/depth/copy is not a refactoring mandate"
"codinglair-taf-runtime/taf-mobile-appium","com.codinglair.taf.mobile.appium.service","codinglair-taf-runtime/taf-mobile-appium/src/main/java/com/codinglair/taf/mobile/appium/service/DefaultAppleController.java","DefaultAppleController","initialize(ControllerContext)","112","58","main","[public, synchronized]","15","5","True",,"KISS-054","Selected: see report scope and preservation checks"
"codinglair-taf-runtime/taf-mobile-appium","com.codinglair.taf.mobile.appium.service","codinglair-taf-runtime/taf-mobile-appium/src/main/java/com/codinglair/taf/mobile/appium/service/DefaultAppleController.java","DefaultAppleController","close()","250","46","main","[public, synchronized]","17","3","True",,"KISS-055","Selected: see report scope and preservation checks"
"codinglair-taf-runtime/taf-mobile-appium","com.codinglair.taf.mobile.appium.service","codinglair-taf-runtime/taf-mobile-appium/src/main/java/com/codinglair/taf/mobile/appium/service/DefaultAppleController.java","DefaultAppleController","reset()","481","21","main","[public, synchronized]","1","1","True",,"","Screening only: length/depth/copy is not a refactoring mandate"
"codinglair-taf-runtime/taf-mobile-appium","com.codinglair.taf.mobile.appium.service","codinglair-taf-runtime/taf-mobile-appium/src/main/java/com/codinglair/taf/mobile/appium/service/DefaultAppleController.java","DefaultAppleController","openNotifications()","578","27","main","[public, synchronized]","1","1","True",,"","Screening only: length/depth/copy is not a refactoring mandate"
"codinglair-taf-runtime/taf-mobile-appium","com.codinglair.taf.mobile.appium.service","codinglair-taf-runtime/taf-mobile-appium/src/main/java/com/codinglair/taf/mobile/appium/service/DefaultAppleController.java","DefaultAppleController","selectWebView(String)","611","26","main","[public, synchronized]","7","3","True",,"","Screening only: length/depth/copy is not a refactoring mandate"
"codinglair-taf-runtime/taf-mobile-core","com.codinglair.taf.mobile","codinglair-taf-runtime/taf-mobile-core/src/main/java/com/codinglair/taf/mobile/DeviceDescriptor.java","DeviceDescriptor","copyAppleObject(Map<?, ?>, int, int[])","39","26","main","[private, static]","2","1","True",,"","Screening only: length/depth/copy is not a refactoring mandate"
"codinglair-taf-runtime/taf-mobile-core","com.codinglair.taf.mobile","codinglair-taf-runtime/taf-mobile-core/src/main/java/com/codinglair/taf/mobile/DeviceDescriptor.java","DeviceDescriptor","copyApple(Object, int, int[])","76","22","main","[private, static]","4","2","True",,"","Screening only: length/depth/copy is not a refactoring mandate"
"codinglair-taf-runtime/taf-mobile-core","com.codinglair.taf.mobile","codinglair-taf-runtime/taf-mobile-core/src/test/java/com/codinglair/taf/mobile/MobileArchitectureBoundaryTest.java","MobileArchitectureBoundaryTest","remainsDependencyLight()","12","25","test","[]","3","3","True",,"","Screening only: length/depth/copy is not a refactoring mandate"
"codinglair-taf-runtime/taf-observability","com.codinglair.taf.observability","codinglair-taf-runtime/taf-observability/src/main/java/com/codinglair/taf/observability/DefaultObservabilityController.java","DefaultObservabilityController","<init>(String, List<? extends ObservabilityProvider>, RedactionService, ObservabilityLimits)","29","23","main","[public]","4","2","True",,"","Screening only: length/depth/copy is not a refactoring mandate"
"codinglair-taf-runtime/taf-observability","com.codinglair.taf.observability","codinglair-taf-runtime/taf-observability/src/main/java/com/codinglair/taf/observability/DefaultObservabilityController.java","DefaultObservabilityController","query(TelemetryQuery)","87","29","main","[public]","5","2","True",,"","Screening only: length/depth/copy is not a refactoring mandate"
"codinglair-taf-runtime/taf-observability","com.codinglair.taf.observability","codinglair-taf-runtime/taf-observability/src/main/java/com/codinglair/taf/observability/DefaultObservabilityController.java","DefaultObservabilityController","assertEventually(TelemetryQuery, Predicate<TelemetryQueryResult>, Duration, Duration)","117","35","main","[public]","5","3","True",,"","Screening only: length/depth/copy is not a refactoring mandate"
"codinglair-taf-runtime/taf-observability","com.codinglair.taf.observability","codinglair-taf-runtime/taf-observability/src/main/java/com/codinglair/taf/observability/DefaultObservabilityController.java","DefaultObservabilityController","sanitize(TelemetryQuery, TelemetryQueryResult)","158","32","main","[private]","2","2","True",,"","Screening only: length/depth/copy is not a refactoring mandate"
"codinglair-taf-runtime/taf-observability","com.codinglair.taf.observability","codinglair-taf-runtime/taf-observability/src/test/java/com/codinglair/taf/observability/DefaultObservabilityControllerTest.java","DefaultObservabilityControllerTest.Queries","propagatesCorrelationIdentifiers()","58","23","test","[]","0","0","True",,"","Screening only: length/depth/copy is not a refactoring mandate"
"codinglair-taf-runtime/taf-observability","com.codinglair.taf.observability","codinglair-taf-runtime/taf-observability/src/test/java/com/codinglair/taf/observability/DefaultObservabilityControllerTest.java","DefaultObservabilityControllerTest.Queries","safelySummarizesLargeResponses()","117","29","test","[]","0","0","True",,"","Screening only: length/depth/copy is not a refactoring mandate"
"codinglair-taf-runtime/taf-observability","com.codinglair.taf.observability","codinglair-taf-runtime/taf-observability/src/test/java/com/codinglair/taf/observability/DefaultObservabilityControllerTest.java","DefaultObservabilityControllerTest.EventualAssertions","matchesEventually()","170","28","test","[]","1","1","True",,"","Screening only: length/depth/copy is not a refactoring mandate"
"codinglair-taf-runtime/taf-observability","com.codinglair.taf.observability","codinglair-taf-runtime/taf-observability/src/test/java/com/codinglair/taf/observability/DefaultObservabilityControllerTest.java","DefaultObservabilityControllerTest.EventualAssertions","timesOutWhenAbsent(TelemetryType)","199","21","test","[]","0","0","True",,"","Screening only: length/depth/copy is not a refactoring mandate"
"codinglair-taf-runtime/taf-observability","com.codinglair.taf.observability","codinglair-taf-runtime/taf-observability/src/test/java/com/codinglair/taf/observability/DefaultObservabilityControllerTest.java","DefaultObservabilityControllerTest.LifecycleAndConcurrency","supportsConcurrentQueries()","264","31","test","[]","2","2","True",,"","Screening only: length/depth/copy is not a refactoring mandate"
"codinglair-taf-runtime/taf-secrets-api","com.codinglair.taf.runtime.secret","codinglair-taf-runtime/taf-secrets-api/src/main/java/com/codinglair/taf/runtime/secret/SecretReference.java","SecretReference","parse(String)","31","40","main","[public, static]","10","2","True",,"","Screening only: length/depth/copy is not a refactoring mandate"
"codinglair-taf-runtime/taf-secrets-api","com.codinglair.taf.runtime.secret","codinglair-taf-runtime/taf-secrets-api/src/test/java/com/codinglair/taf/runtime/secret/SecretReferenceTest.java","SecretReferenceTest","rejectsMalformedUnknownOversizedAndInjectionReferences()","25","22","test","[]","2","2","True",,"","Screening only: length/depth/copy is not a refactoring mandate"
"codinglair-taf-runtime/taf-secrets-local","com.codinglair.taf.runtime.secret","codinglair-taf-runtime/taf-secrets-local/src/main/java/com/codinglair/taf/runtime/secret/DefaultSecretManager.java","DefaultSecretManager","resolve(String, SecretRequestContext)","25","30","main","[public]","3","2","True",,"","Screening only: length/depth/copy is not a refactoring mandate"
"codinglair-taf-runtime/taf-secrets-local","com.codinglair.taf.runtime.secret","codinglair-taf-runtime/taf-secrets-local/src/test/java/com/codinglair/taf/runtime/secret/JasyptSecretProvisionerTest.java","JasyptSecretProvisionerTest","protectsAndResolvesWithoutExposingValues()","14","22","test","[]","2","1","True",,"","Screening only: length/depth/copy is not a refactoring mandate"
"codinglair-taf-runtime/taf-secrets-local","com.codinglair.taf.runtime.secret","codinglair-taf-runtime/taf-secrets-local/src/test/java/com/codinglair/taf/runtime/secret/LocalSecretManagerTest.java","LocalSecretManagerTest","jasyptRoundTripIsNondeterministicAndFailuresAreSecretSafe()","38","22","test","[]","1","1","True",,"","Screening only: length/depth/copy is not a refactoring mandate"
"codinglair-taf-runtime/taf-secrets-local","com.codinglair.taf.runtime.secret","codinglair-taf-runtime/taf-secrets-local/src/test/java/com/codinglair/taf/runtime/secret/LocalSecretManagerTest.java","LocalSecretManagerTest","concurrentPersonaResolutionDoesNotCrossContaminateOrCachePlaintext()","61","36","test","[]","5","3","True",,"","Screening only: length/depth/copy is not a refactoring mandate"
"codinglair-taf-runtime/taf-secrets-local","com.codinglair.taf.runtime.secret","codinglair-taf-runtime/taf-secrets-local/src/test/java/com/codinglair/taf/runtime/secret/SecretProducedOutputLeakTest.java","SecretProducedOutputLeakTest","generatedCanariesAreAbsentFromLogsArtifactsJsonExceptionsAuditAndDtoBoundaries()","21","46","test","[]","2","2","True",,"","Screening only: length/depth/copy is not a refactoring mandate"
"codinglair-taf-runtime/taf-secrets-local","com.codinglair.taf.runtime.secret.spring","codinglair-taf-runtime/taf-secrets-local/src/main/java/com/codinglair/taf/runtime/secret/spring/SecretAutoConfiguration.java","SecretAutoConfiguration","selectProviders(Map<String, SecretProvider>, SecretProperties, Environment)","71","47","main","[private, static]","7","1","True",,"KISS-056","Selected: see report scope and preservation checks"
"codinglair-taf-runtime/taf-secrets-local","com.codinglair.taf.runtime.secret.spring","codinglair-taf-runtime/taf-secrets-local/src/main/java/com/codinglair/taf/runtime/secret/spring/SecretPreflightContributor.java","SecretPreflightContributor","inspect()","28","47","main","[public]","7","3","True",,"KISS-057","Selected: see report scope and preservation checks"
"codinglair-taf-runtime/taf-secrets-local","com.codinglair.taf.runtime.secret.tool","codinglair-taf-runtime/taf-secrets-local/src/main/java/com/codinglair/taf/runtime/secret/tool/JasyptCsvReferenceGenerator.java","JasyptCsvReferenceGenerator","generate(Path, Path, String, String, EnvironmentValueSource)","30","40","main","[static]","6","2","True",,"","Screening only: length/depth/copy is not a refactoring mandate"
"codinglair-taf-runtime/taf-secrets-local","com.codinglair.taf.runtime.secret.tool","codinglair-taf-runtime/taf-secrets-local/src/main/java/com/codinglair/taf/runtime/secret/tool/JasyptCsvSecretNormalizer.java","JasyptCsvSecretNormalizer","main(String[])","16","22","main","[public, static]","2","1","True",,"","Screening only: length/depth/copy is not a refactoring mandate"
"codinglair-taf-runtime/taf-secrets-local","com.codinglair.taf.runtime.secret.tool","codinglair-taf-runtime/taf-secrets-local/src/test/java/com/codinglair/taf/runtime/secret/tool/JasyptCsvReferenceGeneratorTest.java","JasyptCsvReferenceGeneratorTest","createsDistinctDecryptableReferencesWithoutPersistingPlaintextOrKey()","20","33","test","[]","2","2","True",,"","Screening only: length/depth/copy is not a refactoring mandate"
"codinglair-taf-runtime/taf-test-definitions","com.codinglair.taf.runtime.definition","codinglair-taf-runtime/taf-test-definitions/src/main/java/com/codinglair/taf/runtime/definition/CsvSecretNormalizer.java","CsvSecretNormalizer","normalize(CsvSecretNormalizationRequest, SecretProvisioner)","25","71","main","[public]","15","5","True",,"KISS-058","Selected: see report scope and preservation checks"
"codinglair-taf-runtime/taf-test-definitions","com.codinglair.taf.runtime.definition","codinglair-taf-runtime/taf-test-definitions/src/main/java/com/codinglair/taf/runtime/definition/CsvSecretNormalizer.java","CsvSecretNormalizer","validateCanonical(byte[], CsvSecretNormalizationRequest)","107","16","main","[private]","3","3","False",,"","Screening only: length/depth/copy is not a refactoring mandate"
"codinglair-taf-runtime/taf-test-definitions","com.codinglair.taf.runtime.definition","codinglair-taf-runtime/taf-test-definitions/src/main/java/com/codinglair/taf/runtime/definition/CsvSecretNormalizer.java","CsvSecretNormalizer","atomicReplace(Path, byte[])","124","14","main","[private, static]","3","3","False",,"","Screening only: length/depth/copy is not a refactoring mandate"
"codinglair-taf-runtime/taf-test-definitions","com.codinglair.taf.runtime.definition","codinglair-taf-runtime/taf-test-definitions/src/main/java/com/codinglair/taf/runtime/definition/CsvTestDefinitionRepository.java","CsvTestDefinitionRepository","require(String, Class<I>, Class<E>)","45","43","main","[public]","5","3","True",,"","Screening only: length/depth/copy is not a refactoring mandate"
"codinglair-taf-runtime/taf-test-definitions","com.codinglair.taf.runtime.definition","codinglair-taf-runtime/taf-test-definitions/src/main/java/com/codinglair/taf/runtime/definition/CsvTestDefinitionRepository.java","CsvTestDefinitionRepository","read(DefinitionResourceLocation, String, String, Map<String, SecretFieldDefinition>, ClassLoader)","89","48","main","[private]","6","3","True",,"KISS-059","Selected: see report scope and preservation checks"
"codinglair-taf-runtime/taf-test-definitions","com.codinglair.taf.runtime.definition","codinglair-taf-runtime/taf-test-definitions/src/main/java/com/codinglair/taf/runtime/definition/CsvTestDefinitionRepository.java","CsvTestDefinitionRepository","validateSecrets(Map<String, String>, Map<String, SecretFieldDefinition>, String, String)","138","20","main","[private, static]","5","3","False",,"","Screening only: length/depth/copy is not a refactoring mandate"
"codinglair-taf-runtime/taf-test-definitions","com.codinglair.taf.runtime.definition","codinglair-taf-runtime/taf-test-definitions/src/main/java/com/codinglair/taf/runtime/definition/FileTestDefinitionRepository.java","FileTestDefinitionRepository","save(VersionedTestDefinition<I, E>, long, RepositoryAuthority)","47","23","main","[public]","1","1","True",,"","Screening only: length/depth/copy is not a refactoring mandate"
"codinglair-taf-runtime/taf-test-definitions","com.codinglair.taf.runtime.definition","codinglair-taf-runtime/taf-test-definitions/src/main/java/com/codinglair/taf/runtime/definition/FileTestDefinitionRepository.java","FileTestDefinitionRepository","transition(String, DefinitionState, long, RepositoryAuthority, Class<I>, Class<E>)","71","47","main","[public]","2","1","True",,"","Screening only: length/depth/copy is not a refactoring mandate"
"codinglair-taf-runtime/taf-test-definitions","com.codinglair.taf.runtime.definition","codinglair-taf-runtime/taf-test-definitions/src/main/java/com/codinglair/taf/runtime/definition/FileTestDefinitionRepository.java","FileTestDefinitionRepository","withWriteLock(WriteOperation<T>)","119","34","main","[private]","7","3","True",,"","Screening only: length/depth/copy is not a refactoring mandate"
"codinglair-taf-runtime/taf-test-definitions","com.codinglair.taf.runtime.definition","codinglair-taf-runtime/taf-test-definitions/src/main/java/com/codinglair/taf/runtime/definition/FileTestDefinitionRepository.java","FileTestDefinitionRepository","readDocument()","174","27","main","[private]","6","2","True",,"","Screening only: length/depth/copy is not a refactoring mandate"
"codinglair-taf-runtime/taf-test-definitions","com.codinglair.taf.runtime.definition","codinglair-taf-runtime/taf-test-definitions/src/main/java/com/codinglair/taf/runtime/definition/FileTestDefinitionRepository.java","FileTestDefinitionRepository","writeDocument(Document)","202","29","main","[private]","6","4","True",,"KISS-060","Selected: see report scope and preservation checks"
"codinglair-taf-runtime/taf-test-definitions","com.codinglair.taf.runtime.definition","codinglair-taf-runtime/taf-test-definitions/src/main/java/com/codinglair/taf/runtime/definition/SecretSchemaIntrospector.java","SecretSchemaIntrospector","inspect(Class<?>)","14","22","main","[public, static]","6","3","True",,"","Screening only: length/depth/copy is not a refactoring mandate"
"codinglair-taf-runtime/taf-test-definitions","com.codinglair.taf.runtime.definition","codinglair-taf-runtime/taf-test-definitions/src/test/java/com/codinglair/taf/runtime/definition/CsvTestDefinitionRepositoryTest.java","CsvTestDefinitionRepositoryTest","classifiedPlaintextIsRejectedWithoutEchoingOrMutation()","13","24","test","[]","0","0","True",,"","Screening only: length/depth/copy is not a refactoring mandate"
"codinglair-taf-runtime/taf-test-definitions","com.codinglair.taf.runtime.definition","codinglair-taf-runtime/taf-test-definitions/src/test/java/com/codinglair/taf/runtime/definition/CsvTestDefinitionRepositoryTest.java","CsvTestDefinitionRepositoryTest","explicitNormalizationIsAtomicIdempotentAndRejectsUnauthorizedEnvironments()","38","48","test","[]","0","0","True",,"","Screening only: length/depth/copy is not a refactoring mandate"
"codinglair-taf-runtime/taf-test-definitions","com.codinglair.taf.runtime.definition","codinglair-taf-runtime/taf-test-definitions/src/test/java/com/codinglair/taf/runtime/definition/CsvTestDefinitionRepositoryTest.java","CsvTestDefinitionRepositoryTest","missingAndTypeConversionFailuresAreActionable()","143","28","test","[]","0","0","True",,"","Screening only: length/depth/copy is not a refactoring mandate"
"codinglair-taf-runtime/taf-test-definitions","com.codinglair.taf.runtime.definition","codinglair-taf-runtime/taf-test-definitions/src/test/java/com/codinglair/taf/runtime/definition/CsvTestDefinitionRepositoryTest.java","CsvTestDefinitionRepositoryTest","concurrentLookupsRemainIsolatedAndDeterministic()","188","21","test","[]","0","0","True",,"","Screening only: length/depth/copy is not a refactoring mandate"
"codinglair-taf-runtime/taf-test-definitions","com.codinglair.taf.runtime.definition","codinglair-taf-runtime/taf-test-definitions/src/test/java/com/codinglair/taf/runtime/definition/PayloadProviderContract.java","PayloadProviderContract","rejectsChecksumMismatchWithoutLeakingLocation()","30","22","test","[]","1","1","True",,"","Screening only: length/depth/copy is not a refactoring mandate"
"codinglair-taf-runtime/taf-test-definitions","com.codinglair.taf.runtime.definition","codinglair-taf-runtime/taf-test-definitions/src/test/java/com/codinglair/taf/runtime/definition/TestDefinitionRepositoryContract.java","TestDefinitionRepositoryContract","storesImmutableVersionsAndEnforcesLifecycle()","24","26","test","[]","0","0","True",,"","Screening only: length/depth/copy is not a refactoring mandate"
"codinglair-taf-runtime/taf-test-definitions","com.codinglair.taf.runtime.definition","codinglair-taf-runtime/taf-test-definitions/src/test/java/com/codinglair/taf/runtime/definition/TestDefinitionRepositoryContract.java","TestDefinitionRepositoryContract","reportsVersionAndAuthorityConflictsWithoutOverwriting()","51","23","test","[]","0","0","True",,"","Screening only: length/depth/copy is not a refactoring mandate"
"codinglair-taf-runtime/taf-test-definitions","com.codinglair.taf.runtime.definition","codinglair-taf-runtime/taf-test-definitions/src/test/java/com/codinglair/taf/runtime/definition/TestDefinitionRepositoryContract.java","TestDefinitionRepositoryContract","definition(String, long, DefinitionState)","150","23","test","[protected]","0","0","True",,"","Screening only: length/depth/copy is not a refactoring mandate"
"codinglair-taf-runtime/taf-test-definitions","com.codinglair.taf.runtime.definition","codinglair-taf-runtime/taf-test-definitions/src/test/java/com/codinglair/taf/runtime/definition/VersionedDefinitionSecurityTest.java","VersionedDefinitionSecurityTest","malformedSecretReferenceDoesNotLeakItsValueOrRewriteTheSource()","11","30","test","[]","0","0","True",,"","Screening only: length/depth/copy is not a refactoring mandate"
"codinglair-taf-runtime/taf-test-definitions-mongodb","com.codinglair.taf.runtime.definition.mongodb","codinglair-taf-runtime/taf-test-definitions-mongodb/src/main/java/com/codinglair/taf/runtime/definition/mongodb/GridFsPayloadResolver.java","GridFsPayloadResolver","stage(PayloadReference, PayloadRange)","42","64","main","[private]","18","5","True",,"KISS-061","Selected: see report scope and preservation checks"
"codinglair-taf-runtime/taf-test-definitions-mongodb","com.codinglair.taf.runtime.definition.mongodb","codinglair-taf-runtime/taf-test-definitions-mongodb/src/main/java/com/codinglair/taf/runtime/definition/mongodb/GridFsPayloadResolver.java","GridFsPayloadResolver","failure(PayloadException.Kind, PayloadReference)","117","10","main","[private, static]","0","0","False","COPY-010","","Screening only: length/depth/copy is not a refactoring mandate"
"codinglair-taf-runtime/taf-test-definitions-mongodb","com.codinglair.taf.runtime.definition.mongodb","codinglair-taf-runtime/taf-test-definitions-mongodb/src/main/java/com/codinglair/taf/runtime/definition/mongodb/MongoDefinitionSynchronizer.java","MongoDefinitionSynchronizer","importCanonicalJson(String, RepositoryAuthority)","49","26","main","[public]","6","2","True",,"","Screening only: length/depth/copy is not a refactoring mandate"
"codinglair-taf-runtime/taf-test-definitions-mongodb","com.codinglair.taf.runtime.definition.mongodb","codinglair-taf-runtime/taf-test-definitions-mongodb/src/main/java/com/codinglair/taf/runtime/definition/mongodb/MongoTestDefinitionRepository.java","MongoTestDefinitionRepository","save(VersionedTestDefinition<I, E>, long, RepositoryAuthority)","104","24","main","[public]","5","3","True",,"","Screening only: length/depth/copy is not a refactoring mandate"
"codinglair-taf-runtime/taf-test-definitions-mongodb","com.codinglair.taf.runtime.definition.mongodb","codinglair-taf-runtime/taf-test-definitions-mongodb/src/main/java/com/codinglair/taf/runtime/definition/mongodb/MongoTestDefinitionRepository.java","MongoTestDefinitionRepository","transition(String, DefinitionState, long, RepositoryAuthority, Class<I>, Class<E>)","129","31","main","[public]","2","1","True",,"","Screening only: length/depth/copy is not a refactoring mandate"
"codinglair-taf-runtime/taf-test-definitions-mongodb","com.codinglair.taf.runtime.definition.mongodb","codinglair-taf-runtime/taf-test-definitions-mongodb/src/main/java/com/codinglair/taf/runtime/definition/mongodb/MongoTestDefinitionRepository.java","MongoTestDefinitionRepository","importDocuments(List<Document>, RepositoryAuthority)","185","42","main","[]","6","3","True",,"","Screening only: length/depth/copy is not a refactoring mandate"
"codinglair-taf-runtime/taf-test-definitions-mongodb","com.codinglair.taf.runtime.definition.mongodb","codinglair-taf-runtime/taf-test-definitions-mongodb/src/main/java/com/codinglair/taf/runtime/definition/mongodb/MongoTestDefinitionRepository.java","MongoTestDefinitionRepository","materialize(Document, Class<I>, Class<E>)","272","36","main","[private]","2","2","True",,"","Screening only: length/depth/copy is not a refactoring mandate"
"codinglair-taf-runtime/taf-test-definitions-mongodb","com.codinglair.taf.runtime.definition.mongodb","codinglair-taf-runtime/taf-test-definitions-mongodb/src/main/java/com/codinglair/taf/runtime/definition/mongodb/MongoTestDefinitionRepository.java","MongoTestDefinitionRepository","number(Document, String)","324","14","main","[static]","5","3","False",,"","Screening only: length/depth/copy is not a refactoring mandate"
"codinglair-taf-runtime/taf-test-definitions-mongodb","com.codinglair.taf.runtime.definition.mongodb","codinglair-taf-runtime/taf-test-definitions-mongodb/src/test/java/com/codinglair/taf/runtime/definition/mongodb/GridFsPayloadProviderContractTest.java","GridFsPayloadProviderContractTest","fixture(byte[], String)","43","26","test","[protected]","2","2","True",,"","Screening only: length/depth/copy is not a refactoring mandate"
"codinglair-taf-runtime/taf-test-definitions-mongodb","com.codinglair.taf.runtime.definition.mongodb","codinglair-taf-runtime/taf-test-definitions-mongodb/src/test/java/com/codinglair/taf/runtime/definition/mongodb/MongoRepositoryIntegrationTest.java","MongoRepositoryIntegrationTest.GitSynchronization","detectsConflicts()","125","26","test","[]","0","0","True",,"","Screening only: length/depth/copy is not a refactoring mandate"
"codinglair-taf-runtime/taf-test-definitions-mongodb","com.codinglair.taf.runtime.definition.mongodb","codinglair-taf-runtime/taf-test-definitions-mongodb/src/test/java/com/codinglair/taf/runtime/definition/mongodb/MongoRepositoryIntegrationTest.java","MongoRepositoryIntegrationTest.GridFsPayloads","streamsAndCleansUp()","156","34","test","[]","3","2","True",,"","Screening only: length/depth/copy is not a refactoring mandate"
"codinglair-taf-runtime/taf-virtualization-wiremock","com.codinglair.taf.virtualization.wiremock","codinglair-taf-runtime/taf-virtualization-wiremock/src/main/java/com/codinglair/taf/virtualization/wiremock/WireMockVirtualization.java","WireMockVirtualization","add(VirtualMapping)","47","30","main","[public]","3","2","True",,"","Screening only: length/depth/copy is not a refactoring mandate"
"codinglair-taf-runtime/taf-virtualization-wiremock","com.codinglair.taf.virtualization.wiremock","codinglair-taf-runtime/taf-virtualization-wiremock/src/main/java/com/codinglair/taf/virtualization/wiremock/WireMockVirtualization.java","WireMockVirtualization","verify(String, String, int)","78","27","main","[public]","3","2","True",,"","Screening only: length/depth/copy is not a refactoring mandate"
"codinglair-taf-runtime/taf-virtualization-wiremock","com.codinglair.taf.virtualization.wiremock","codinglair-taf-runtime/taf-virtualization-wiremock/src/main/java/com/codinglair/taf/virtualization/wiremock/WireMockVirtualization.java","WireMockVirtualization","close()","115","36","main","[public]","9","4","True",,"","Screening only: length/depth/copy is not a refactoring mandate"
"codinglair-taf-runtime/taf-virtualization-wiremock","com.codinglair.taf.virtualization.wiremock","codinglair-taf-runtime/taf-virtualization-wiremock/src/main/java/com/codinglair/taf/virtualization/wiremock/WireMockVirtualization.java","WireMockVirtualization","evidence(String, FaultClassification, String, String, String)","168","22","main","[private]","0","0","True",,"","Screening only: length/depth/copy is not a refactoring mandate"
"codinglair-taf-runtime/taf-virtualization-wiremock","com.codinglair.taf.virtualization.wiremock","codinglair-taf-runtime/taf-virtualization-wiremock/src/main/java/com/codinglair/taf/virtualization/wiremock/WireMockVirtualizationFactory.java","WireMockVirtualizationFactory","create(TestSession, EnvironmentResource, String)","16","21","main","[public]","2","1","True",,"","Screening only: length/depth/copy is not a refactoring mandate"
"codinglair-taf-runtime/taf-virtualization-wiremock","com.codinglair.taf.virtualization.wiremock","codinglair-taf-runtime/taf-virtualization-wiremock/src/test/java/com/codinglair/taf/virtualization/wiremock/WireMockContainerIntegrationTest.java","WireMockContainerIntegrationTest","containerRoundTripAndCleanup()","16","35","test","[]","1","1","True",,"","Screening only: length/depth/copy is not a refactoring mandate"
"codinglair-taf-runtime/taf-virtualization-wiremock","com.codinglair.taf.virtualization.wiremock","codinglair-taf-runtime/taf-virtualization-wiremock/src/test/java/com/codinglair/taf/virtualization/wiremock/WireMockVirtualizationTest.java","WireMockVirtualizationTest.MappingLifecycle","parallelIsolation()","64","34","test","[]","2","2","True",,"","Screening only: length/depth/copy is not a refactoring mandate"
"codinglair-taf-runtime/taf-virtualization-wiremock","com.codinglair.taf.virtualization.wiremock","codinglair-taf-runtime/taf-virtualization-wiremock/src/test/java/com/codinglair/taf/virtualization/wiremock/WireMockVirtualizationTest.java","WireMockVirtualizationTest.FaultBehavior","latencyEvidence()","103","21","test","[]","1","1","True",,"","Screening only: length/depth/copy is not a refactoring mandate"
"codinglair-taf-runtime/taf-virtualization-wiremock","com.codinglair.taf.virtualization.wiremock","codinglair-taf-runtime/taf-virtualization-wiremock/src/test/java/com/codinglair/taf/virtualization/wiremock/WireMockVirtualizationTest.java","WireMockVirtualizationTest.FaultBehavior","deniedNetworkFault()","125","22","test","[]","1","1","True",,"","Screening only: length/depth/copy is not a refactoring mandate"
"codinglair-taf-runtime/taf-virtualization-wiremock","com.codinglair.taf.virtualization.wiremock","codinglair-taf-runtime/taf-virtualization-wiremock/src/test/java/com/codinglair/taf/virtualization/wiremock/WireMockVirtualizationTest.java","WireMockVirtualizationTest.FaultBehavior","authorizedNetworkFault()","148","23","test","[]","1","1","True",,"","Screening only: length/depth/copy is not a refactoring mandate"
"codinglair-taf-runtime/taf-virtualization-wiremock","com.codinglair.taf.virtualization.wiremock","codinglair-taf-runtime/taf-virtualization-wiremock/src/test/java/com/codinglair/taf/virtualization/wiremock/WireMockVirtualizationTest.java","WireMockVirtualizationTest","resource(EnvironmentMode)","173","26","test","[private]","0","0","True",,"","Screening only: length/depth/copy is not a refactoring mandate"
"codinglair-taf-runtime/taf-web-playwright","com.codinglair.taf.web.playwright","codinglair-taf-runtime/taf-web-playwright/src/main/java/com/codinglair/taf/web/playwright/DefaultPlaywrightController.java","DefaultPlaywrightController","initialize(ControllerContext)","49","50","main","[public]","8","3","True",,"KISS-062","Selected: see report scope and preservation checks"
"codinglair-taf-runtime/taf-web-playwright","com.codinglair.taf.web.playwright","codinglair-taf-runtime/taf-web-playwright/src/main/java/com/codinglair/taf/web/playwright/DefaultPlaywrightController.java","DefaultPlaywrightController","collectArtifacts(ArtifactReason)","143","37","main","[public]","8","2","True",,"KISS-063","Selected: see report scope and preservation checks"
"codinglair-taf-runtime/taf-web-playwright","com.codinglair.taf.web.playwright","codinglair-taf-runtime/taf-web-playwright/src/main/java/com/codinglair/taf/web/playwright/DefaultPlaywrightController.java","DefaultPlaywrightController","close(AutoCloseable, Throwable)","217","10","main","[private, static]","4","3","False",,"","Screening only: length/depth/copy is not a refactoring mandate"
"codinglair-taf-runtime/taf-web-playwright","com.codinglair.taf.web.playwright","codinglair-taf-runtime/taf-web-playwright/src/main/java/com/codinglair/taf/web/playwright/PlaywrightAutoConfiguration.java","PlaywrightAutoConfiguration","playwrightPreflightContributor(PlaywrightProperties)","57","30","main","[]","0","0","True",,"","Screening only: length/depth/copy is not a refactoring mandate"
"codinglair-taf-runtime/taf-web-playwright","com.codinglair.taf.web.playwright","codinglair-taf-runtime/taf-web-playwright/src/main/java/com/codinglair/taf/web/playwright/PlaywrightControllerSettings.java","PlaywrightControllerSettings","validate(String)","22","27","main","[public]","7","2","True",,"","Screening only: length/depth/copy is not a refactoring mandate"
"codinglair-taf-runtime/taf-web-playwright","com.codinglair.taf.web.playwright","codinglair-taf-runtime/taf-web-playwright/src/test/java/com/codinglair/taf/web/playwright/PlaywrightAutoConfigurationTest.java","PlaywrightAutoConfigurationTest","namedControllersAreRegisteredIntoEverySessionWithoutStartingBrowser()","59","42","test","[]","1","1","True",,"","Screening only: length/depth/copy is not a refactoring mandate"
"codinglair-taf-runtime/taf-web-playwright","com.codinglair.taf.web.playwright","codinglair-taf-runtime/taf-web-playwright/src/test/java/com/codinglair/taf/web/playwright/PlaywrightBrowserSmokeTest.java","PlaywrightBrowserSmokeTest","framesUploadsDialogsNetworkAndAuthenticationStateWork()","58","28","test","[]","1","1","True",,"","Screening only: length/depth/copy is not a refactoring mandate"
"codinglair-taf-runtime/taf-web-playwright","com.codinglair.taf.web.playwright","codinglair-taf-runtime/taf-web-playwright/src/test/java/com/codinglair/taf/web/playwright/PlaywrightBrowserSmokeTest.java","PlaywrightBrowserSmokeTest","parallelBrowserContextsRemainIsolated()","87","19","test","[]","3","3","False",,"","Screening only: length/depth/copy is not a refactoring mandate"
"codinglair-taf-runtime/taf-web-playwright","com.codinglair.taf.web.playwright","codinglair-taf-runtime/taf-web-playwright/src/test/java/com/codinglair/taf/web/playwright/PlaywrightBrowserSmokeTest.java","PlaywrightBrowserSmokeTest","sessionOwnedControllerActionIsAutomaticallyIntercepted()","121","21","test","[]","1","1","True",,"","Screening only: length/depth/copy is not a refactoring mandate"
"codinglair-taf-runtime/taf-web-playwright","com.codinglair.taf.web.playwright","codinglair-taf-runtime/taf-web-playwright/src/test/java/com/codinglair/taf/web/playwright/PlaywrightReportingContractTest.java","PlaywrightReportingContractTest","meaningfulControllerOperationsUseExactlyOneNeutralAnnotation()","13","38","test","[]","0","0","True",,"","Screening only: length/depth/copy is not a refactoring mandate"
"demos/playwright-sauce-demo","com.codinglair.taf.demo.sauce.architecture","demos/playwright-sauce-demo/src/test/java/com/codinglair/taf/demo/sauce/architecture/ReportingContractTest.java","ReportingContractTest","standardAllureResultsOverrideAlsoConfiguresSingleFilePublisher()","31","32","test","[]","2","2","True",,"","Screening only: length/depth/copy is not a refactoring mandate"
"demos/playwright-sauce-demo","com.codinglair.taf.demo.sauce.integration","demos/playwright-sauce-demo/src/test/java/com/codinglair/taf/demo/sauce/integration/MongoCredentialLifecycleIntegrationTest.java","MongoCredentialLifecycleIntegrationTest","createsDatabaseScopedUserAndDropsItWithLease()","24","47","test","[]","2","2","True",,"","Screening only: length/depth/copy is not a refactoring mandate"
"demos/playwright-sauce-demo","com.codinglair.taf.demo.sauce.integration","demos/playwright-sauce-demo/src/test/java/com/codinglair/taf/demo/sauce/integration/MongoDefinitionFixture.java","MongoDefinitionFixture","start()","36","25","test","[public]","2","1","True",,"","Screening only: length/depth/copy is not a refactoring mandate"
"demos/playwright-sauce-demo","com.codinglair.taf.demo.sauce.integration","demos/playwright-sauce-demo/src/test/java/com/codinglair/taf/demo/sauce/integration/MongoDefinitionFixture.java","MongoDefinitionFixture","migrationGate(MigrationPolicy, Path)","85","27","test","[private]","1","1","True",,"","Screening only: length/depth/copy is not a refactoring mandate"
"demos/playwright-sauce-demo","com.codinglair.taf.demo.sauce.integration","demos/playwright-sauce-demo/src/test/java/com/codinglair/taf/demo/sauce/integration/SauceDemoMongoIntegrationTest.java","SauceDemoMongoIntegrationTest","testNgConsumerDefinitionsComeFromMongoWithNoFileFallback()","25","23","test","[]","1","1","True",,"","Screening only: length/depth/copy is not a refactoring mandate"
"demos/playwright-sauce-demo","com.codinglair.taf.demo.sauce.integration","demos/playwright-sauce-demo/src/test/java/com/codinglair/taf/demo/sauce/integration/SauceDemoMongoIntegrationTest.java","SauceDemoMongoIntegrationTest","checksumDriftBlocksPreflight()","49","23","test","[]","1","1","True",,"","Screening only: length/depth/copy is not a refactoring mandate"
"demos/playwright-sauce-demo","com.codinglair.taf.demo.sauce.integration","demos/playwright-sauce-demo/src/test/java/com/codinglair/taf/demo/sauce/integration/SauceDemoMongoIntegrationTest.java","SauceDemoMongoIntegrationTest","assertMaterializedAssets(List<org.bson.Document>)","73","35","test","[private, static]","0","0","True",,"","Screening only: length/depth/copy is not a refactoring mandate"
"demos/playwright-sauce-demo","com.codinglair.taf.demo.sauce.quickstart","demos/playwright-sauce-demo/src/test/java/com/codinglair/taf/demo/sauce/quickstart/DatabaseValidationExample.java","DatabaseValidationExample","validatesOneOrderWithoutExposingSensitiveColumns()","22","34","test","[public]","0","0","True",,"","Screening only: length/depth/copy is not a refactoring mandate"
"demos/playwright-sauce-demo","com.codinglair.taf.demo.sauce.quickstart","demos/playwright-sauce-demo/src/test/java/com/codinglair/taf/demo/sauce/quickstart/FrontToBackExample.java","FrontToBackExample","tracesOneOwnedOrderAcrossPublicLayers()","33","73","test","[public]","7","5","True",,"KISS-064","Selected: see report scope and preservation checks"
"demos/playwright-sauce-demo","com.codinglair.taf.demo.sauce.quickstart","demos/playwright-sauce-demo/src/test/java/com/codinglair/taf/demo/sauce/quickstart/RestApiExample.java","RestApiExample","createsReadsAndRejectsAnOrder()","21","35","test","[public]","0","0","True",,"","Screening only: length/depth/copy is not a refactoring mandate"
"examples/apple-appium-consumer","com.example.apple.bdd","examples/apple-appium-consumer/src/test/java/com/example/apple/bdd/AppleCompositionTest.java","AppleCompositionTest","composesIndependentScenarioGlueAndReleasesContext()","8","13","test","[public]","1","1","False","COPY-021","","Screening only: length/depth/copy is not a refactoring mandate"
"examples/apple-appium-consumer","com.example.apple.bdd","examples/apple-appium-consumer/src/test/java/com/example/apple/bdd/AppleObjectFactory.java","AppleObjectFactory","start()","23","16","test","[public]","2","2","False","COPY-002","","Screening only: length/depth/copy is not a refactoring mandate"
"examples/apple-appium-consumer","com.example.apple.configuration","examples/apple-appium-consumer/src/test/java/com/example/apple/configuration/MobileConfiguration.java","MobileConfiguration","interactionPreflight(InteractionProperties, AppleProperties)","22","22","test","[]","8","1","True","COPY-009","","Screening only: length/depth/copy is not a refactoring mandate"
"examples/apple-appium-consumer","com.example.apple.configuration","examples/apple-appium-consumer/src/test/java/com/example/apple/configuration/MobileConfiguration.java","MobileConfiguration.Initializer","initialize(ConfigurableApplicationContext)","57","12","test","[public]","4","2","False","COPY-018","","Screening only: length/depth/copy is not a refactoring mandate"
"examples/apple-appium-consumer","com.example.apple.context","examples/apple-appium-consumer/src/test/java/com/example/apple/context/MobileContextTest.java","MobileContextTest","loadsWithoutAppleInfrastructureAndAggregatesMissingPrerequisites()","11","15","test","[public]","4","3","False","COPY-015","","Screening only: length/depth/copy is not a refactoring mandate"
"examples/apple-appium-consumer","com.example.apple.screen.apple","examples/apple-appium-consumer/src/test/java/com/example/apple/screen/apple/AppleScreen.java","AppleScreen","<init>(AppleController, InteractionProperties)","14","8","test","[public]","2","1","False","COPY-014","","Screening only: length/depth/copy is not a refactoring mandate"
"examples/apple-appium-consumer","com.example.apple.task","examples/apple-appium-consumer/src/test/java/com/example/apple/task/InteractionTask.java","InteractionTask","verify(AppleScreen, MobileExecutionMode)","10","16","test","[public, static]","3","2","False","COPY-013","","Screening only: length/depth/copy is not a refactoring mandate"
"examples/apple-appium-consumer","com.example.apple.task","examples/apple-appium-consumer/src/test/java/com/example/apple/task/InteractionTaskTest.java","InteractionTaskTest","sharesTaskAcrossModes(MobileExecutionMode)","19","11","test","[public]","1","1","False","COPY-019","","Screening only: length/depth/copy is not a refactoring mandate"
"examples/apple-appium-consumer","com.example.apple.task","examples/apple-appium-consumer/src/test/java/com/example/apple/task/InteractionTaskTest.java","InteractionTaskTest","screen(ArrayList<String>, String)","45","18","test","[private, static]","2","2","False","COPY-022","","Screening only: length/depth/copy is not a refactoring mandate"
"release/consumer-smoke/aws-messaging","com.codinglair.taf.smoke","release/consumer-smoke/aws-messaging/src/test/java/com/codinglair/taf/smoke/AwsMessagingConsumerSmokeTest.java","AwsMessagingConsumerSmokeTest.EndToEndRouting","routesEventWithPublicReleasedContracts()","58","54","test","[]","2","2","True",,"","Screening only: length/depth/copy is not a refactoring mandate"
"release/consumer-smoke/aws-messaging","com.codinglair.taf.smoke","release/consumer-smoke/aws-messaging/src/test/java/com/codinglair/taf/smoke/AwsMessagingConsumerSmokeTest.java","AwsMessagingConsumerSmokeTest","applicationContext(AwsEnvironmentConfiguration)","165","39","test","[private, static]","0","0","True",,"","Screening only: length/depth/copy is not a refactoring mandate"
"release/consumer-smoke/starter-maximal","com.codinglair.taf.conformance","release/consumer-smoke/starter-maximal/src/test/java/com/codinglair/taf/conformance/MaximalStarterConformanceTest.java","MaximalStarterConformanceTest","registersTopLevelControllers()","50","24","test","[]","1","1","True",,"","Screening only: length/depth/copy is not a refactoring mandate"
"release/consumer-smoke/starter-messaging-aws","com.codinglair.taf.conformance","release/consumer-smoke/starter-messaging-aws/src/test/java/com/codinglair/taf/conformance/AwsStarterConformanceTest.java","AwsStarterConformanceTest","startsInertAndRegistersSelectedControllers()","16","24","test","[]","2","1","True",,"","Screening only: length/depth/copy is not a refactoring mandate"
"release/consumer-smoke/starter-messaging-jms","com.codinglair.taf.conformance","release/consumer-smoke/starter-messaging-jms/src/test/java/com/codinglair/taf/conformance/JmsStarterConformanceTest.java","JmsStarterConformanceTest","startsInertAndRegistersSelectedController()","16","21","test","[]","2","1","True",,"","Screening only: length/depth/copy is not a refactoring mandate"
"taf-mcp-server/taf-execution-worker","com.codinglair.taf.mcp.worker","taf-mcp-server/taf-execution-worker/src/main/java/com/codinglair/taf/mcp/worker/JobExecutionCoordinator.java","JobExecutionCoordinator","complete(WorkerRequest, WorkerResult)","34","27","main","[private]","5","3","True",,"","Screening only: length/depth/copy is not a refactoring mandate"
"taf-mcp-server/taf-execution-worker","com.codinglair.taf.mcp.worker","taf-mcp-server/taf-execution-worker/src/main/java/com/codinglair/taf/mcp/worker/LocalExecutionWorker.java","LocalExecutionWorker","<init>(Map<String, WorkerCommand>, WorkerLimits, Path, ArtifactStore, ResponseRedactor, Clock, Map<String, Set<ResourceAccess>>)","46","24","main","[public]","2","1","True",,"","Screening only: length/depth/copy is not a refactoring mandate"
"taf-mcp-server/taf-execution-worker","com.codinglair.taf.mcp.worker","taf-mcp-server/taf-execution-worker/src/main/java/com/codinglair/taf/mcp/worker/LocalExecutionWorker.java","LocalExecutionWorker","execute(WorkerRequest, CancellationToken, ResourceAuthorizer)","76","91","main","[public]","21","4","True",,"KISS-065","Selected: see report scope and preservation checks"
"taf-mcp-server/taf-execution-worker","com.codinglair.taf.mcp.worker","taf-mcp-server/taf-execution-worker/src/main/java/com/codinglair/taf/mcp/worker/LocalExecutionWorker.java","LocalExecutionWorker","collectArtifacts(WorkerRequest, Path)","168","31","main","[private]","6","2","True",,"","Screening only: length/depth/copy is not a refactoring mandate"
"taf-mcp-server/taf-execution-worker","com.codinglair.taf.mcp.worker","taf-mcp-server/taf-execution-worker/src/main/java/com/codinglair/taf/mcp/worker/WorkspacePreparer.java","WorkspacePreparer","prepare(WorkerRequest)","24","50","main","[]","3","1","True",,"","Screening only: length/depth/copy is not a refactoring mandate"
"taf-mcp-server/taf-execution-worker","com.codinglair.taf.mcp.worker","taf-mcp-server/taf-execution-worker/src/main/java/com/codinglair/taf/mcp/worker/WorkspacePreparer.java","WorkspacePreparer","delete(Path)","87","26","main","[static]","8","5","True",,"","Screening only: length/depth/copy is not a refactoring mandate"
"taf-mcp-server/taf-execution-worker","com.codinglair.taf.mcp.worker","taf-mcp-server/taf-execution-worker/src/main/java/com/codinglair/taf/mcp/worker/WorkspacePreparer.java","WorkspacePreparer","deleteOnce(Path)","114","22","main","[private, static]","0","0","True",,"","Screening only: length/depth/copy is not a refactoring mandate"
"taf-mcp-server/taf-execution-worker","com.codinglair.taf.mcp.worker","taf-mcp-server/taf-execution-worker/src/test/java/com/codinglair/taf/mcp/worker/LocalExecutionWorkerTest.java","LocalExecutionWorkerTest","resourceBoundary()","35","39","test","[]","0","0","True",,"","Screening only: length/depth/copy is not a refactoring mandate"
"taf-mcp-server/taf-execution-worker","com.codinglair.taf.mcp.worker","taf-mcp-server/taf-execution-worker/src/test/java/com/codinglair/taf/mcp/worker/LocalExecutionWorkerTest.java","LocalExecutionWorkerTest.WorkspaceIsolation","preservesDirtyTree()","91","23","test","[]","0","0","True",,"","Screening only: length/depth/copy is not a refactoring mandate"
"taf-mcp-server/taf-execution-worker","com.codinglair.taf.mcp.worker","taf-mcp-server/taf-execution-worker/src/test/java/com/codinglair/taf/mcp/worker/LocalExecutionWorkerTest.java","LocalExecutionWorkerTest.WorkspaceIsolation","rejectsWorkspaceLinks()","132","23","test","[]","2","2","True",,"","Screening only: length/depth/copy is not a refactoring mandate"
"taf-mcp-server/taf-execution-worker","com.codinglair.taf.mcp.worker","taf-mcp-server/taf-execution-worker/src/test/java/com/codinglair/taf/mcp/worker/LocalExecutionWorkerTest.java","LocalExecutionWorkerTest.ProcessLifecycle","retriesTransientWorkspaceLock()","160","32","test","[]","2","2","True",,"","Screening only: length/depth/copy is not a refactoring mandate"
"taf-mcp-server/taf-execution-worker","com.codinglair.taf.mcp.worker","taf-mcp-server/taf-execution-worker/src/test/java/com/codinglair/taf/mcp/worker/LocalExecutionWorkerTest.java","LocalExecutionWorkerTest.ProcessLifecycle","timeoutKillsDescendants()","193","21","test","[]","0","0","True",,"","Screening only: length/depth/copy is not a refactoring mandate"
"taf-mcp-server/taf-execution-worker","com.codinglair.taf.mcp.worker","taf-mcp-server/taf-execution-worker/src/test/java/com/codinglair/taf/mcp/worker/WorkerProcessFixture.java","WorkerProcessFixture","main(String[])","9","31","test","[public, static]","1","1","True",,"","Screening only: length/depth/copy is not a refactoring mandate"
"taf-mcp-server/taf-mcp-contracts","com.codinglair.taf.mcp.contracts","taf-mcp-server/taf-mcp-contracts/src/test/java/com/codinglair/taf/mcp/contracts/McpSchemaCompatibilityTest.java","McpSchemaCompatibilityTest","catalogCoversApprovedWorkflows()","79","33","test","[]","0","0","True",,"","Screening only: length/depth/copy is not a refactoring mandate"
"taf-mcp-server/taf-mcp-jobs","com.codinglair.taf.mcp.jobs","taf-mcp-server/taf-mcp-jobs/src/main/java/com/codinglair/taf/mcp/jobs/Job.java","Job","text(String, String, int)","58","10","main","[static]","1","1","False","COPY-006","","Screening only: length/depth/copy is not a refactoring mandate"
"taf-mcp-server/taf-mcp-jobs","com.codinglair.taf.mcp.jobs","taf-mcp-server/taf-mcp-jobs/src/main/java/com/codinglair/taf/mcp/jobs/JobEvent.java","JobEvent","bounded(String, String, int)","17","10","main","[private, static]","1","1","False","COPY-006","","Screening only: length/depth/copy is not a refactoring mandate"
"taf-mcp-server/taf-mcp-jobs","com.codinglair.taf.mcp.jobs","taf-mcp-server/taf-mcp-jobs/src/main/java/com/codinglair/taf/mcp/jobs/JobService.java","JobService","cancel(JobId)","24","18","main","[public]","5","3","False",,"","Screening only: length/depth/copy is not a refactoring mandate"
"taf-mcp-server/taf-mcp-jobs","com.codinglair.taf.mcp.jobs","taf-mcp-server/taf-mcp-jobs/src/main/java/com/codinglair/taf/mcp/jobs/JobService.java","JobService","recoverAfterRestart()","43","16","main","[public]","4","4","False",,"","Screening only: length/depth/copy is not a refactoring mandate"
"taf-mcp-server/taf-mcp-jobs","com.codinglair.taf.mcp.jobs","taf-mcp-server/taf-mcp-jobs/src/main/java/com/codinglair/taf/mcp/jobs/JobStateMachine.java","JobStateMachine","validateReplacement(Job, Job)","80","26","main","[static]","5","1","True",,"","Screening only: length/depth/copy is not a refactoring mandate"
"taf-mcp-server/taf-mcp-jobs","com.codinglair.taf.mcp.jobs","taf-mcp-server/taf-mcp-jobs/src/main/java/com/codinglair/taf/mcp/jobs/JobStateMachine.java","JobStateMachine","copy(Job, JobState, int, Optional<String>, List<JobReference>, List<JobEvent>, Instant)","107","21","main","[private, static]","0","0","True",,"","Screening only: length/depth/copy is not a refactoring mandate"
"taf-mcp-server/taf-mcp-jobs","com.codinglair.taf.mcp.jobs","taf-mcp-server/taf-mcp-jobs/src/main/java/com/codinglair/taf/mcp/jobs/JobStateMachine.java","JobStateMachine","transitions()","129","21","main","[private, static]","0","0","True",,"","Screening only: length/depth/copy is not a refactoring mandate"
"taf-mcp-server/taf-mcp-jobs","com.codinglair.taf.mcp.jobs","taf-mcp-server/taf-mcp-jobs/src/main/java/com/codinglair/taf/mcp/jobs/LocalJobRepository.java","LocalJobRepository","findRecoverable()","102","21","main","[public]","2","2","True",,"","Screening only: length/depth/copy is not a refactoring mandate"
"taf-mcp-server/taf-mcp-jobs","com.codinglair.taf.mcp.jobs","taf-mcp-server/taf-mcp-jobs/src/main/java/com/codinglair/taf/mcp/jobs/LocalJobRepository.java","LocalJobRepository","locked(JobId, IoSupplier<T>)","124","18","main","[private]","4","3","False",,"","Screening only: length/depth/copy is not a refactoring mandate"
"taf-mcp-server/taf-mcp-jobs","com.codinglair.taf.mcp.jobs","taf-mcp-server/taf-mcp-jobs/src/main/java/com/codinglair/taf/mcp/jobs/LocalJobRepository.java","LocalJobRepository","read(Path, JobId)","167","46","main","[private]","7","2","True",,"","Screening only: length/depth/copy is not a refactoring mandate"
"taf-mcp-server/taf-mcp-jobs","com.codinglair.taf.mcp.jobs","taf-mcp-server/taf-mcp-jobs/src/main/java/com/codinglair/taf/mcp/jobs/LocalJobRepository.java","LocalJobRepository","write(Path, Job)","214","44","main","[private]","9","4","True",,"KISS-066","Selected: see report scope and preservation checks"
"taf-mcp-server/taf-mcp-jobs","com.codinglair.taf.mcp.jobs","taf-mcp-server/taf-mcp-jobs/src/main/java/com/codinglair/taf/mcp/jobs/LocalJobRepository.java","LocalJobRepository","validate(Job)","268","24","main","[private]","6","2","True",,"","Screening only: length/depth/copy is not a refactoring mandate"
"taf-mcp-server/taf-mcp-jobs","com.codinglair.taf.mcp.jobs","taf-mcp-server/taf-mcp-jobs/src/test/java/com/codinglair/taf/mcp/jobs/JobStateMachineTest.java","JobStateMachineTest.TransitionValidation","supportsSuccessfulLifecycle()","22","21","test","[]","0","0","True",,"","Screening only: length/depth/copy is not a refactoring mandate"
"taf-mcp-server/taf-mcp-jobs","com.codinglair.taf.mcp.jobs","taf-mcp-server/taf-mcp-jobs/src/test/java/com/codinglair/taf/mcp/jobs/LocalJobRepositoryTest.java","LocalJobRepositoryTest.PersistenceAndRecovery","survivesRestartAndRecoversSafely()","30","27","test","[]","0","0","True",,"","Screening only: length/depth/copy is not a refactoring mandate"
"taf-mcp-server/taf-mcp-jobs","com.codinglair.taf.mcp.jobs","taf-mcp-server/taf-mcp-jobs/src/test/java/com/codinglair/taf/mcp/jobs/LocalJobRepositoryTest.java","LocalJobRepositoryTest.Concurrency","preservesAppendOnlyProgressHistory()","92","29","test","[]","0","0","True",,"","Screening only: length/depth/copy is not a refactoring mandate"
"taf-mcp-server/taf-mcp-jobs","com.codinglair.taf.mcp.jobs","taf-mcp-server/taf-mcp-jobs/src/test/java/com/codinglair/taf/mcp/jobs/LocalJobRepositoryTest.java","LocalJobRepositoryTest.Concurrency","repositoryRejectsForgedTerminalMutation()","122","27","test","[]","0","0","True",,"","Screening only: length/depth/copy is not a refactoring mandate"
"taf-mcp-server/taf-mcp-jobs","com.codinglair.taf.mcp.jobs","taf-mcp-server/taf-mcp-jobs/src/test/java/com/codinglair/taf/mcp/jobs/LocalJobRepositoryTest.java","LocalJobRepositoryTest.Concurrency","concurrentCancellationIsIdempotent()","150","42","test","[]","5","4","True",,"","Screening only: length/depth/copy is not a refactoring mandate"
"taf-mcp-server/taf-mcp-prompts","com.codinglair.taf.mcp.prompts","taf-mcp-server/taf-mcp-prompts/src/main/java/com/codinglair/taf/mcp/prompts/McpPromptReportService.java","McpPromptReportService","chunk(StoredResource, String)","122","28","main","[private]","4","1","True",,"","Screening only: length/depth/copy is not a refactoring mandate"
"taf-mcp-server/taf-mcp-prompts","com.codinglair.taf.mcp.prompts","taf-mcp-server/taf-mcp-prompts/src/main/java/com/codinglair/taf/mcp/prompts/McpPromptReportService.java","McpPromptReportService","diagnostic(ResourceRequestContext, String, DiagnosticKind)","151","38","main","[private]","2","1","True",,"","Screening only: length/depth/copy is not a refactoring mandate"
"taf-mcp-server/taf-mcp-prompts","com.codinglair.taf.mcp.prompts","taf-mcp-server/taf-mcp-prompts/src/main/java/com/codinglair/taf/mcp/prompts/McpPromptReportService.java","McpPromptReportService","allowed(ResourceRequestContext, String, Transport, String, String, Object, java.util.concurrent.Callable<T>)","190","22","main","[private]","1","1","True",,"","Screening only: length/depth/copy is not a refactoring mandate"
"taf-mcp-server/taf-mcp-prompts","com.codinglair.taf.mcp.prompts","taf-mcp-server/taf-mcp-prompts/src/test/java/com/codinglair/taf/mcp/prompts/McpPromptReportServiceTest.java","McpPromptReportServiceTest.ControlledDiagnostics","returnsBoundedReadOnlySummary()","179","26","test","[]","1","1","True",,"","Screening only: length/depth/copy is not a refactoring mandate"
"taf-mcp-server/taf-mcp-prompts","com.codinglair.taf.mcp.prompts","taf-mcp-server/taf-mcp-prompts/src/test/java/com/codinglair/taf/mcp/prompts/McpPromptReportServiceTest.java","McpPromptReportServiceTest.ControlledDiagnostics","supportsConcurrentReads()","206","28","test","[]","1","1","True",,"","Screening only: length/depth/copy is not a refactoring mandate"
"taf-mcp-server/taf-mcp-prompts","com.codinglair.taf.mcp.prompts","taf-mcp-server/taf-mcp-prompts/src/test/java/com/codinglair/taf/mcp/prompts/McpPromptReportServiceTest.java","McpPromptReportServiceTest","fixture(Set<String>, ReportRepository)","262","26","test","[private, static]","0","0","True",,"","Screening only: length/depth/copy is not a refactoring mandate"
"taf-mcp-server/taf-mcp-resources","com.codinglair.taf.mcp.resources","taf-mcp-server/taf-mcp-resources/src/main/java/com/codinglair/taf/mcp/resources/DeterministicPaginator.java","DeterministicPaginator","page(List<T>, ResourceQuery, Function<T, String>)","14","21","main","[static]","2","1","True",,"","Screening only: length/depth/copy is not a refactoring mandate"
"taf-mcp-server/taf-mcp-resources","com.codinglair.taf.mcp.resources","taf-mcp-server/taf-mcp-resources/src/main/java/com/codinglair/taf/mcp/resources/DeterministicPaginator.java","DeterministicPaginator","decode(String, String)","36","21","main","[private, static]","5","2","True",,"","Screening only: length/depth/copy is not a refactoring mandate"
"taf-mcp-server/taf-mcp-resources","com.codinglair.taf.mcp.resources","taf-mcp-server/taf-mcp-resources/src/main/java/com/codinglair/taf/mcp/resources/McpContractDocumentation.java","McpContractDocumentation","load(ClassLoader)","17","23","main","[public, static]","2","2","True",,"","Screening only: length/depth/copy is not a refactoring mandate"
"taf-mcp-server/taf-mcp-resources","com.codinglair.taf.mcp.resources","taf-mcp-server/taf-mcp-resources/src/main/java/com/codinglair/taf/mcp/resources/McpResourceService.java","McpResourceService","<init>(RuntimeCapabilityCatalog, DocumentationCatalog, EvidenceMetadataRepository, AuthorizationPolicyEngine, Collection<SafeConfigurationDescriptor>, Collection<EnvironmentReadinessDescriptor>, Collection<CapabilityInstanceDescriptor>)","33","27","main","[public]","0","0","True",,"","Screening only: length/depth/copy is not a refactoring mandate"
"taf-mcp-server/taf-mcp-resources","com.codinglair.taf.mcp.resources","taf-mcp-server/taf-mcp-resources/src/main/java/com/codinglair/taf/mcp/resources/RuntimeCapabilityCatalog.java","RuntimeCapabilityCatalog","<init>(Collection<Capability>, Map<String, String>, String)","15","30","main","[public]","3","1","True",,"","Screening only: length/depth/copy is not a refactoring mandate"
"taf-mcp-server/taf-mcp-resources","com.codinglair.taf.mcp.resources","taf-mcp-server/taf-mcp-resources/src/main/java/com/codinglair/taf/mcp/resources/RuntimeCapabilityCatalog.java","RuntimeCapabilityCatalog","descriptor(Capability, Map<String, String>, String)","62","37","main","[private, static]","3","1","True",,"","Screening only: length/depth/copy is not a refactoring mandate"
"taf-mcp-server/taf-mcp-resources","com.codinglair.taf.mcp.resources","taf-mcp-server/taf-mcp-resources/src/test/java/com/codinglair/taf/mcp/resources/CapabilityInstanceDescriptorTest.java","CapabilityInstanceDescriptorTest.SafeSnapshots","serializesMultiInstanceSnapshot()","38","24","test","[]","0","0","True",,"","Screening only: length/depth/copy is not a refactoring mandate"
"taf-mcp-server/taf-mcp-resources","com.codinglair.taf.mcp.resources","taf-mcp-server/taf-mcp-resources/src/test/java/com/codinglair/taf/mcp/resources/McpResourceServiceTest.java","McpResourceServiceTest.CapabilityDiscovery","reportsInstalledAndAbsentCapabilities()","41","21","test","[]","0","0","True",,"","Screening only: length/depth/copy is not a refactoring mandate"
"taf-mcp-server/taf-mcp-resources","com.codinglair.taf.mcp.resources","taf-mcp-server/taf-mcp-resources/src/test/java/com/codinglair/taf/mcp/resources/McpResourceServiceTest.java","McpResourceServiceTest.DocumentationAndSafeMetadata","discoversNamedAwsInstances()","173","40","test","[]","0","0","True",,"","Screening only: length/depth/copy is not a refactoring mandate"
"taf-mcp-server/taf-mcp-resources","com.codinglair.taf.mcp.resources","taf-mcp-server/taf-mcp-resources/src/test/java/com/codinglair/taf/mcp/resources/McpResourceServiceTest.java","McpResourceServiceTest.DocumentationAndSafeMetadata","omitsEnvironmentDiagnostics()","263","30","test","[]","0","0","True",,"","Screening only: length/depth/copy is not a refactoring mandate"
"taf-mcp-server/taf-mcp-security","com.codinglair.taf.mcp.security","taf-mcp-server/taf-mcp-security/src/main/java/com/codinglair/taf/mcp/security/ApprovalService.java","ApprovalService","decide(String, CallerIdentity, boolean)","42","28","main","[public]","5","1","True",,"","Screening only: length/depth/copy is not a refactoring mandate"
"taf-mcp-server/taf-mcp-security","com.codinglair.taf.mcp.security","taf-mcp-server/taf-mcp-security/src/main/java/com/codinglair/taf/mcp/security/ApprovalService.java","ApprovalService","bindingDigest(AuthorizationContext, String)","85","23","main","[private, static]","3","2","True",,"","Screening only: length/depth/copy is not a refactoring mandate"
"taf-mcp-server/taf-mcp-security","com.codinglair.taf.mcp.security","taf-mcp-server/taf-mcp-security/src/main/java/com/codinglair/taf/mcp/security/InputSizeValidator.java","InputSizeValidator","inspect(Object, int, Counter)","21","34","main","[private]","7","2","True",,"","Screening only: length/depth/copy is not a refactoring mandate"
"taf-mcp-server/taf-mcp-security","com.codinglair.taf.mcp.security","taf-mcp-server/taf-mcp-security/src/main/java/com/codinglair/taf/mcp/security/McpEnforcementService.java","McpEnforcementService","enforce(EnforcementRequest, Callable<?>)","35","71","main","[public]","8","2","True",,"KISS-067","Selected: see report scope and preservation checks"
"taf-mcp-server/taf-mcp-security","com.codinglair.taf.mcp.security","taf-mcp-server/taf-mcp-security/src/main/java/com/codinglair/taf/mcp/security/McpEnforcementService.java","McpEnforcementService","resourceAuthorizer(EnforcementRequest)","124","27","main","[public]","0","0","True",,"","Screening only: length/depth/copy is not a refactoring mandate"
"taf-mcp-server/taf-mcp-security","com.codinglair.taf.mcp.security","taf-mcp-server/taf-mcp-security/src/test/java/com/codinglair/taf/mcp/security/McpSecurityTest.java","McpSecurityTest.AuthorizationPolicy","denyOverridesAllow()","44","24","test","[]","0","0","True",,"","Screening only: length/depth/copy is not a refactoring mandate"
"taf-mcp-server/taf-mcp-security","com.codinglair.taf.mcp.security","taf-mcp-server/taf-mcp-security/src/test/java/com/codinglair/taf/mcp/security/McpSecurityTest.java","McpSecurityTest.ApprovalDecisions","concurrentDecisionIsSingleAndImmutable()","127","32","test","[]","4","4","True",,"","Screening only: length/depth/copy is not a refactoring mandate"
"taf-mcp-server/taf-mcp-security","com.codinglair.taf.mcp.security","taf-mcp-server/taf-mcp-security/src/test/java/com/codinglair/taf/mcp/security/McpSecurityTest.java","McpSecurityTest.TransportNeutralEnforcement","oversizedInputIsRejected(Transport)","197","27","test","[]","0","0","True",,"","Screening only: length/depth/copy is not a refactoring mandate"
"taf-mcp-server/taf-mcp-security","com.codinglair.taf.mcp.security","taf-mcp-server/taf-mcp-security/src/test/java/com/codinglair/taf/mcp/security/McpSecurityTest.java","McpSecurityTest.AuditAndRedaction","concurrentAuditAppendsAreOrdered()","325","27","test","[]","2","2","True",,"","Screening only: length/depth/copy is not a refactoring mandate"
"taf-mcp-server/taf-mcp-security","com.codinglair.taf.mcp.security","taf-mcp-server/taf-mcp-security/src/test/java/com/codinglair/taf/mcp/security/ResourceAuthorizationTest.java","ResourceAuthorizationTest","bothBoundaries()","36","34","test","[]","0","0","True",,"","Screening only: length/depth/copy is not a refactoring mandate"
"taf-mcp-server/taf-mcp-security","com.codinglair.taf.mcp.security","taf-mcp-server/taf-mcp-security/src/test/java/com/codinglair/taf/mcp/security/ResourceAuthorizationTest.java","ResourceAuthorizationTest","denialAndApproval()","71","41","test","[]","0","0","True",,"","Screening only: length/depth/copy is not a refactoring mandate"
"taf-mcp-server/taf-mcp-tools","__BASE_PACKAGE__.bdd","taf-mcp-server/taf-mcp-tools/src/main/resources/mobile-blueprint/src/test/java/__PACKAGE_PATH__/bdd/AppleCompositionTest.java","AppleCompositionTest","composesIndependentScenarioGlueAndReleasesContext()","8","13","test","[public]","1","1","False","COPY-021","","Screening only: length/depth/copy is not a refactoring mandate"
"taf-mcp-server/taf-mcp-tools","__BASE_PACKAGE__.bdd","taf-mcp-server/taf-mcp-tools/src/main/resources/mobile-blueprint/src/test/java/__PACKAGE_PATH__/bdd/AppleObjectFactory.java","AppleObjectFactory","start()","23","16","test","[public]","2","2","False","COPY-002","","Screening only: length/depth/copy is not a refactoring mandate"
"taf-mcp-server/taf-mcp-tools","__BASE_PACKAGE__.configuration","taf-mcp-server/taf-mcp-tools/src/main/resources/mobile-blueprint/src/test/java/__PACKAGE_PATH__/configuration/MobileConfiguration.java","MobileConfiguration","interactionPreflight(InteractionProperties, AppleProperties)","22","22","test","[]","8","1","True","COPY-009","","Screening only: length/depth/copy is not a refactoring mandate"
"taf-mcp-server/taf-mcp-tools","__BASE_PACKAGE__.configuration","taf-mcp-server/taf-mcp-tools/src/main/resources/mobile-blueprint/src/test/java/__PACKAGE_PATH__/configuration/MobileConfiguration.java","MobileConfiguration.Initializer","initialize(ConfigurableApplicationContext)","57","12","test","[public]","4","2","False","COPY-018","","Screening only: length/depth/copy is not a refactoring mandate"
"taf-mcp-server/taf-mcp-tools","__BASE_PACKAGE__.context","taf-mcp-server/taf-mcp-tools/src/main/resources/mobile-blueprint/src/test/java/__PACKAGE_PATH__/context/MobileContextTest.java","MobileContextTest","loadsWithoutAppleInfrastructureAndAggregatesMissingPrerequisites()","11","15","test","[public]","4","3","False","COPY-015","","Screening only: length/depth/copy is not a refactoring mandate"
"taf-mcp-server/taf-mcp-tools","__BASE_PACKAGE__.screen.apple","taf-mcp-server/taf-mcp-tools/src/main/resources/mobile-blueprint/src/test/java/__PACKAGE_PATH__/screen/apple/AppleScreen.java","AppleScreen","<init>(AppleController, InteractionProperties)","14","8","test","[public]","2","1","False","COPY-014","","Screening only: length/depth/copy is not a refactoring mandate"
"taf-mcp-server/taf-mcp-tools","__BASE_PACKAGE__.task","taf-mcp-server/taf-mcp-tools/src/main/resources/mobile-blueprint/src/test/java/__PACKAGE_PATH__/task/InteractionTask.java","InteractionTask","verify(AppleScreen, MobileExecutionMode)","10","16","test","[public, static]","3","2","False","COPY-013","","Screening only: length/depth/copy is not a refactoring mandate"
"taf-mcp-server/taf-mcp-tools","__BASE_PACKAGE__.task","taf-mcp-server/taf-mcp-tools/src/main/resources/mobile-blueprint/src/test/java/__PACKAGE_PATH__/task/InteractionTaskTest.java","InteractionTaskTest","sharesTaskAcrossModes(MobileExecutionMode)","19","11","test","[public]","1","1","False","COPY-019","","Screening only: length/depth/copy is not a refactoring mandate"
"taf-mcp-server/taf-mcp-tools","__BASE_PACKAGE__.task","taf-mcp-server/taf-mcp-tools/src/main/resources/mobile-blueprint/src/test/java/__PACKAGE_PATH__/task/InteractionTaskTest.java","InteractionTaskTest","screen(ArrayList<String>, String)","45","18","test","[private, static]","2","2","False","COPY-022","","Screening only: length/depth/copy is not a refactoring mandate"
"taf-mcp-server/taf-mcp-tools","com.codinglair.taf.mcp.tools","taf-mcp-server/taf-mcp-tools/src/main/java/com/codinglair/taf/mcp/tools/BlueprintCompositionEngine.java","BlueprintCompositionEngine","plan(Request, String, List<Contribution>, StarterManifest, Path)","41","38","main","[public]","2","1","True",,"","Screening only: length/depth/copy is not a refactoring mandate"
"taf-mcp-server/taf-mcp-tools","com.codinglair.taf.mcp.tools","taf-mcp-server/taf-mcp-tools/src/main/java/com/codinglair/taf/mcp/tools/BlueprintCompositionEngine.java","BlueprintCompositionEngine","write(CompositionPlan, Path)","81","38","main","[public]","10","3","True",,"","Screening only: length/depth/copy is not a refactoring mandate"
"taf-mcp-server/taf-mcp-tools","com.codinglair.taf.mcp.tools","taf-mcp-server/taf-mcp-tools/src/main/java/com/codinglair/taf/mcp/tools/BlueprintCompositionEngine.java","BlueprintCompositionEngine","normalize(Request, String, List<Diagnostic>)","120","131","main","[private, static]","18","4","True",,"KISS-068","Selected: see report scope and preservation checks"
"taf-mcp-server/taf-mcp-tools","com.codinglair.taf.mcp.tools","taf-mcp-server/taf-mcp-tools/src/main/java/com/codinglair/taf/mcp/tools/BlueprintCompositionEngine.java","BlueprintCompositionEngine","select(NormalizedRequest, List<Contribution>, List<Diagnostic>)","252","51","main","[private, static]","4","2","True",,"KISS-070","Selected: see report scope and preservation checks"
"taf-mcp-server/taf-mcp-tools","com.codinglair.taf.mcp.tools","taf-mcp-server/taf-mcp-tools/src/main/java/com/codinglair/taf/mcp/tools/BlueprintCompositionEngine.java","BlueprintCompositionEngine","validateContributions(List<Contribution>, String, List<Diagnostic>)","304","23","main","[private, static]","2","2","True",,"","Screening only: length/depth/copy is not a refactoring mandate"
"taf-mcp-server/taf-mcp-tools","com.codinglair.taf.mcp.tools","taf-mcp-server/taf-mcp-tools/src/main/java/com/codinglair/taf/mcp/tools/BlueprintCompositionEngine.java","BlueprintCompositionEngine","resolveDependencies(List<Contribution>, StarterManifest, String, List<Diagnostic>)","328","26","main","[private, static]","3","3","True",,"","Screening only: length/depth/copy is not a refactoring mandate"
"taf-mcp-server/taf-mcp-tools","com.codinglair.taf.mcp.tools","taf-mcp-server/taf-mcp-tools/src/main/java/com/codinglair/taf/mcp/tools/BlueprintCompositionEngine.java","BlueprintCompositionEngine","render(List<Contribution>, NormalizedRequest, List<Dependency>, Path, List<Diagnostic>)","355","80","main","[private, static]","6","3","True",,"KISS-069","Selected: see report scope and preservation checks"
"taf-mcp-server/taf-mcp-tools","com.codinglair.taf.mcp.tools","taf-mcp-server/taf-mcp-tools/src/main/java/com/codinglair/taf/mcp/tools/BlueprintCompositionEngine.java","BlueprintCompositionEngine","validateConfiguration(List<Contribution>, List<Diagnostic>)","475","26","main","[private, static]","4","4","True",,"KISS-071","Selected: see report scope and preservation checks"
"taf-mcp-server/taf-mcp-tools","com.codinglair.taf.mcp.tools","taf-mcp-server/taf-mcp-tools/src/main/java/com/codinglair/taf/mcp/tools/BlueprintCompositionEngine.java","BlueprintCompositionEngine","parseCapabilities(List<String>, List<Diagnostic>)","562","32","main","[private, static]","4","3","True",,"","Screening only: length/depth/copy is not a refactoring mandate"
"taf-mcp-server/taf-mcp-tools","com.codinglair.taf.mcp.tools","taf-mcp-server/taf-mcp-tools/src/main/java/com/codinglair/taf/mcp/tools/BlueprintCompositionEngine.java","BlueprintCompositionEngine.Request","<init>(String, String, String, String, List<String>, String, String, String, String, String, String, String, String, String, String)","769","34","main","[public]","0","0","True",,"","Screening only: length/depth/copy is not a refactoring mandate"
"taf-mcp-server/taf-mcp-tools","com.codinglair.taf.mcp.tools","taf-mcp-server/taf-mcp-tools/src/main/java/com/codinglair/taf/mcp/tools/BlueprintCompositionEngine.java","BlueprintCompositionEngine.Request","<init>(String, String, String, String, List<String>, String, String, String, String, String, String)","804","30","main","[public]","0","0","True",,"","Screening only: length/depth/copy is not a refactoring mandate"
"taf-mcp-server/taf-mcp-tools","com.codinglair.taf.mcp.tools","taf-mcp-server/taf-mcp-tools/src/main/java/com/codinglair/taf/mcp/tools/BlueprintCompositionEngine.java","BlueprintCompositionEngine.NormalizedRequest","<init>(String, String, String, String, String, String, List<Capability>, Optional<MessagingProvider>, Optional<MobilePlatform>, Optional<String>, Runner, Reporting, TestDefinitions)","859","34","main","[public]","0","0","True",,"","Screening only: length/depth/copy is not a refactoring mandate"
"taf-mcp-server/taf-mcp-tools","com.codinglair.taf.mcp.tools","taf-mcp-server/taf-mcp-tools/src/main/java/com/codinglair/taf/mcp/tools/BlueprintScaffoldingService.java","BlueprintScaffoldingService","execute(BlueprintScaffoldRequest)","38","39","main","[public]","4","1","True",,"","Screening only: length/depth/copy is not a refactoring mandate"
"taf-mcp-server/taf-mcp-tools","com.codinglair.taf.mcp.tools","taf-mcp-server/taf-mcp-tools/src/main/java/com/codinglair/taf/mcp/tools/BlueprintScaffoldRequest.java","BlueprintScaffoldRequest","blueprint(String, String, String, String, List<String>, String, String, String, String, String, String)","31","25","main","[public, static]","0","0","True",,"","Screening only: length/depth/copy is not a refactoring mandate"
"taf-mcp-server/taf-mcp-tools","com.codinglair.taf.mcp.tools","taf-mcp-server/taf-mcp-tools/src/main/java/com/codinglair/taf/mcp/tools/CapabilityContributionCatalog.java","CapabilityContributionCatalog","pom()","219","52","main","[private, static]","0","0","True",,"","Screening only: length/depth/copy is not a refactoring mandate"
"taf-mcp-server/taf-mcp-tools","com.codinglair.taf.mcp.tools","taf-mcp-server/taf-mcp-tools/src/main/java/com/codinglair/taf/mcp/tools/McpWorkflowTools.java","McpWorkflowTools","<init>(Path, McpEnforcementService, JobService, JobRepository, ProjectValidator, WorkflowRunner, ExecutorService, Clock, ResponseRedactor)","41","22","main","[public]","0","0","True",,"","Screening only: length/depth/copy is not a refactoring mandate"
"taf-mcp-server/taf-mcp-tools","com.codinglair.taf.mcp.tools","taf-mcp-server/taf-mcp-tools/src/main/java/com/codinglair/taf/mcp/tools/McpWorkflowTools.java","McpWorkflowTools","<init>(Path, McpEnforcementService, JobService, JobRepository, ProjectValidator, WorkflowRunner, ExecutorService, Clock, ResponseRedactor, CapabilityPreflight)","64","23","main","[public]","0","0","True",,"","Screening only: length/depth/copy is not a refactoring mandate"
"taf-mcp-server/taf-mcp-tools","com.codinglair.taf.mcp.tools","taf-mcp-server/taf-mcp-tools/src/main/java/com/codinglair/taf/mcp/tools/McpWorkflowTools.java","McpWorkflowTools","invoke(ToolRequest)","92","49","main","[public]","5","2","True",,"KISS-072","Selected: see report scope and preservation checks"
"taf-mcp-server/taf-mcp-tools","com.codinglair.taf.mcp.tools","taf-mcp-server/taf-mcp-tools/src/main/java/com/codinglair/taf/mcp/tools/McpWorkflowTools.java","McpWorkflowTools","submit(ToolRequest)","150","37","main","[private]","3","2","True",,"","Screening only: length/depth/copy is not a refactoring mandate"
"taf-mcp-server/taf-mcp-tools","com.codinglair.taf.mcp.tools","taf-mcp-server/taf-mcp-tools/src/main/java/com/codinglair/taf/mcp/tools/McpWorkflowTools.java","McpWorkflowTools","run(JobId, ToolRequest)","188","41","main","[private]","5","2","True",,"KISS-073","Selected: see report scope and preservation checks"
"taf-mcp-server/taf-mcp-tools","com.codinglair.taf.mcp.tools","taf-mcp-server/taf-mcp-tools/src/main/java/com/codinglair/taf/mcp/tools/McpWorkflowTools.java","McpWorkflowTools","digest(ToolRequest)","312","25","main","[private, static]","2","2","True",,"","Screening only: length/depth/copy is not a refactoring mandate"
"taf-mcp-server/taf-mcp-tools","com.codinglair.taf.mcp.tools","taf-mcp-server/taf-mcp-tools/src/main/java/com/codinglair/taf/mcp/tools/MobileBlueprintAssets.java","MobileBlueprintAssets","assets(NormalizedRequest)","16","67","main","[static]","2","1","True",,"","Screening only: length/depth/copy is not a refactoring mandate"
"taf-mcp-server/taf-mcp-tools","com.codinglair.taf.mcp.tools","taf-mcp-server/taf-mcp-tools/src/main/java/com/codinglair/taf/mcp/tools/ScaffoldWorkflow.java","ScaffoldWorkflow","apply(ScaffoldRequest)","52","32","main","[public]","3","2","True",,"","Screening only: length/depth/copy is not a refactoring mandate"
"taf-mcp-server/taf-mcp-tools","com.codinglair.taf.mcp.tools","taf-mcp-server/taf-mcp-tools/src/main/java/com/codinglair/taf/mcp/tools/ScaffoldWorkflow.java","ScaffoldWorkflow","revert(ScaffoldRequest, ScaffoldProvenance)","103","37","main","[public]","4","2","True",,"","Screening only: length/depth/copy is not a refactoring mandate"
"taf-mcp-server/taf-mcp-tools","com.codinglair.taf.mcp.tools","taf-mcp-server/taf-mcp-tools/src/main/java/com/codinglair/taf/mcp/tools/ScaffoldWorkflow.java","ScaffoldWorkflow","applyApproved(Path, ScaffoldTemplate)","162","64","main","[private]","8","2","True",,"KISS-074","Selected: see report scope and preservation checks"
"taf-mcp-server/taf-mcp-tools","com.codinglair.taf.mcp.tools","taf-mcp-server/taf-mcp-tools/src/main/java/com/codinglair/taf/mcp/tools/ScaffoldWorkflow.java","ScaffoldWorkflow","digest(String)","286","9","main","[private, static]","2","2","False","COPY-016","","Screening only: length/depth/copy is not a refactoring mandate"
"taf-mcp-server/taf-mcp-tools","com.codinglair.taf.mcp.tools","taf-mcp-server/taf-mcp-tools/src/main/java/com/codinglair/taf/mcp/tools/ScaffoldWorkflow.java","ScaffoldWorkflow","rollbackPartial(List<Path>)","304","9","main","[private, static]","3","3","False",,"","Screening only: length/depth/copy is not a refactoring mandate"
"taf-mcp-server/taf-mcp-tools","com.codinglair.taf.mcp.tools","taf-mcp-server/taf-mcp-tools/src/main/java/com/codinglair/taf/mcp/tools/ToolRequest.java","ToolRequest","<init>(String, ToolOperation, String, String, Path, Optional<String>, Duration, String, String, String, CallerIdentity, Transport)","44","28","main","[public]","0","0","True",,"","Screening only: length/depth/copy is not a refactoring mandate"
"taf-mcp-server/taf-mcp-tools","com.codinglair.taf.mcp.tools","taf-mcp-server/taf-mcp-tools/src/main/java/com/codinglair/taf/mcp/tools/WorkerWorkflowRunner.java","WorkerWorkflowRunner","run(JobId, ToolRequest)","25","42","main","[public]","8","3","True",,"","Screening only: length/depth/copy is not a refactoring mandate"
"taf-mcp-server/taf-mcp-tools","com.codinglair.taf.mcp.tools","taf-mcp-server/taf-mcp-tools/src/test/java/com/codinglair/taf/mcp/tools/AppleBlueprintTest.java","AppleBlueprintTest","matrix(String, String, String, String, String)","82","37","test","[]","3","1","True",,"","Screening only: length/depth/copy is not a refactoring mandate"
"taf-mcp-server/taf-mcp-tools","com.codinglair.taf.mcp.tools","taf-mcp-server/taf-mcp-tools/src/test/java/com/codinglair/taf/mcp/tools/AppleBlueprintTest.java","AppleBlueprintTest","applicationModes()","168","51","test","[]","1","1","True",,"","Screening only: length/depth/copy is not a refactoring mandate"
"taf-mcp-server/taf-mcp-tools","com.codinglair.taf.mcp.tools","taf-mcp-server/taf-mcp-tools/src/test/java/com/codinglair/taf/mcp/tools/AppleBlueprintTest.java","AppleBlueprintTest","fixtures()","220","53","test","[]","7","4","True",,"KISS-075","Selected: see report scope and preservation checks"
"taf-mcp-server/taf-mcp-tools","com.codinglair.taf.mcp.tools","taf-mcp-server/taf-mcp-tools/src/test/java/com/codinglair/taf/mcp/tools/AppleBlueprintTest.java","AppleBlueprintTest","request(String, String, String, String, String, String, String)","274","25","test","[private, static]","0","0","True",,"","Screening only: length/depth/copy is not a refactoring mandate"
"taf-mcp-server/taf-mcp-tools","com.codinglair.taf.mcp.tools","taf-mcp-server/taf-mcp-tools/src/test/java/com/codinglair/taf/mcp/tools/BlueprintCompositionEngineTest.java","BlueprintCompositionEngineTest.Planning","producesEquivalentGoldenOutput()","41","33","test","[]","0","0","True",,"","Screening only: length/depth/copy is not a refactoring mandate"
"taf-mcp-server/taf-mcp-tools","com.codinglair.taf.mcp.tools","taf-mcp-server/taf-mcp-tools/src/test/java/com/codinglair/taf/mcp/tools/BlueprintCompositionEngineTest.java","BlueprintCompositionEngineTest.Planning","resolvesManifestCoordinates()","75","22","test","[]","0","0","True",,"","Screening only: length/depth/copy is not a refactoring mandate"
"taf-mcp-server/taf-mcp-tools","com.codinglair.taf.mcp.tools","taf-mcp-server/taf-mcp-tools/src/test/java/com/codinglair/taf/mcp/tools/BlueprintCompositionEngineTest.java","BlueprintCompositionEngineTest.Validation","rejectsUnsupportedDefaultableSelections(String, String, String, String)","118","31","test","[]","0","0","True",,"","Screening only: length/depth/copy is not a refactoring mandate"
"taf-mcp-server/taf-mcp-tools","com.codinglair.taf.mcp.tools","taf-mcp-server/taf-mcp-tools/src/test/java/com/codinglair/taf/mcp/tools/BlueprintCompositionEngineTest.java","BlueprintCompositionEngineTest.Validation","rejectsIos()","166","27","test","[]","0","0","True",,"","Screening only: length/depth/copy is not a refactoring mandate"
"taf-mcp-server/taf-mcp-tools","com.codinglair.taf.mcp.tools","taf-mcp-server/taf-mcp-tools/src/test/java/com/codinglair/taf/mcp/tools/BlueprintCompositionEngineTest.java","BlueprintCompositionEngineTest.Validation","rejectsAllCollisions()","194","29","test","[]","0","0","True",,"","Screening only: length/depth/copy is not a refactoring mandate"
"taf-mcp-server/taf-mcp-tools","com.codinglair.taf.mcp.tools","taf-mcp-server/taf-mcp-tools/src/test/java/com/codinglair/taf/mcp/tools/BlueprintCompositionEngineTest.java","BlueprintCompositionEngineTest.Mutation","concurrentWritesHaveOneWinner()","294","35","test","[]","3","3","True",,"","Screening only: length/depth/copy is not a refactoring mandate"
"taf-mcp-server/taf-mcp-tools","com.codinglair.taf.mcp.tools","taf-mcp-server/taf-mcp-tools/src/test/java/com/codinglair/taf/mcp/tools/BlueprintCompositionEngineTest.java","BlueprintCompositionEngineTest","catalog()","360","55","test","[private, static]","0","0","True",,"","Screening only: length/depth/copy is not a refactoring mandate"
"taf-mcp-server/taf-mcp-tools","com.codinglair.taf.mcp.tools","taf-mcp-server/taf-mcp-tools/src/test/java/com/codinglair/taf/mcp/tools/BlueprintScaffoldingServiceTest.java","BlueprintScaffoldingServiceTest.Publication","publishesAndPreflights()","89","40","test","[]","0","0","True",,"","Screening only: length/depth/copy is not a refactoring mandate"
"taf-mcp-server/taf-mcp-tools","com.codinglair.taf.mcp.tools","taf-mcp-server/taf-mcp-tools/src/test/java/com/codinglair/taf/mcp/tools/BlueprintScaffoldingServiceTest.java","BlueprintScaffoldingServiceTest","fixture(ScaffoldCompiler)","131","25","test","[private]","0","0","True",,"","Screening only: length/depth/copy is not a refactoring mandate"
"taf-mcp-server/taf-mcp-tools","com.codinglair.taf.mcp.tools","taf-mcp-server/taf-mcp-tools/src/test/java/com/codinglair/taf/mcp/tools/BlueprintScaffoldingServiceTest.java","BlueprintScaffoldingServiceTest","request(String, List<String>, String, boolean, String, String)","157","30","test","[private]","0","0","True",,"","Screening only: length/depth/copy is not a refactoring mandate"
"taf-mcp-server/taf-mcp-tools","com.codinglair.taf.mcp.tools","taf-mcp-server/taf-mcp-tools/src/test/java/com/codinglair/taf/mcp/tools/CapabilityContributionCatalogTest.java","CapabilityContributionCatalogTest.SingleCapabilityProjects","createsCompleteProject(String, String, String, String)","28","22","test","[]","0","0","True",,"","Screening only: length/depth/copy is not a refactoring mandate"
"taf-mcp-server/taf-mcp-tools","com.codinglair.taf.mcp.tools","taf-mcp-server/taf-mcp-tools/src/test/java/com/codinglair/taf/mcp/tools/DefaultCapabilityPreflightTest.java","DefaultCapabilityPreflightTest.Admission","rejectsUnreadyEnvironment()","80","22","test","[]","0","0","True",,"","Screening only: length/depth/copy is not a refactoring mandate"
"taf-mcp-server/taf-mcp-tools","com.codinglair.taf.mcp.tools","taf-mcp-server/taf-mcp-tools/src/test/java/com/codinglair/taf/mcp/tools/DefaultCapabilityPreflightTest.java","DefaultCapabilityPreflightTest.Admission","rejectsIncompatibleOwnership()","103","22","test","[]","0","0","True",,"","Screening only: length/depth/copy is not a refactoring mandate"
"taf-mcp-server/taf-mcp-tools","com.codinglair.taf.mcp.tools","taf-mcp-server/taf-mcp-tools/src/test/java/com/codinglair/taf/mcp/tools/McpWorkflowToolsTest.java","McpWorkflowToolsTest.Validation","capabilityDigestContainsNoMetadata()","117","27","test","[]","1","1","True",,"","Screening only: length/depth/copy is not a refactoring mandate"
"taf-mcp-server/taf-mcp-tools","com.codinglair.taf.mcp.tools","taf-mcp-server/taf-mcp-tools/src/test/java/com/codinglair/taf/mcp/tools/McpWorkflowToolsTest.java","McpWorkflowToolsTest.Execution","runsConcurrentJobs()","232","34","test","[]","3","3","True",,"","Screening only: length/depth/copy is not a refactoring mandate"
"taf-mcp-server/taf-mcp-tools","com.codinglair.taf.mcp.tools","taf-mcp-server/taf-mcp-tools/src/test/java/com/codinglair/taf/mcp/tools/McpWorkflowToolsTest.java","McpWorkflowToolsTest","fixture(WorkflowRunner, ProjectValidator, boolean)","296","38","test","[private]","1","1","True",,"","Screening only: length/depth/copy is not a refactoring mandate"
"taf-mcp-server/taf-mcp-tools","com.codinglair.taf.mcp.tools","taf-mcp-server/taf-mcp-tools/src/test/java/com/codinglair/taf/mcp/tools/ScaffoldWorkflowTest.java","ScaffoldWorkflowTest","dependencyRollbackRequiresBothOriginalApprovals()","152","21","test","[]","0","0","True",,"","Screening only: length/depth/copy is not a refactoring mandate"
"taf-mcp-server/taf-mcp-tools","com.codinglair.taf.mcp.tools","taf-mcp-server/taf-mcp-tools/src/test/java/com/codinglair/taf/mcp/tools/ScaffoldWorkflowTest.java","ScaffoldWorkflowTest","concurrentRevertsHaveOneWinnerWithoutDeletingUnownedContent()","174","22","test","[]","1","1","True",,"","Screening only: length/depth/copy is not a refactoring mandate"
"taf-mcp-server/taf-mcp-tools","com.codinglair.taf.mcp.tools","taf-mcp-server/taf-mcp-tools/src/test/java/com/codinglair/taf/mcp/tools/ScaffoldWorkflowTest.java","ScaffoldWorkflowTest","rollbackRejectsProvenanceWithTamperedAssetKind()","207","31","test","[]","1","1","True",,"","Screening only: length/depth/copy is not a refactoring mandate"
"taf-mcp-server/taf-mcp-tools","com.codinglair.taf.mcp.tools","taf-mcp-server/taf-mcp-tools/src/test/java/com/codinglair/taf/mcp/tools/ScaffoldWorkflowTest.java","ScaffoldWorkflowTest","partialWriteFailureRemovesOnlyFilesCreatedByThatAttempt()","239","49","test","[]","0","0","True",,"","Screening only: length/depth/copy is not a refactoring mandate"
"taf-mcp-server/taf-mcp-tools","com.codinglair.taf.mcp.tools","taf-mcp-server/taf-mcp-tools/src/test/java/com/codinglair/taf/mcp/tools/ScaffoldWorkflowTest.java","ScaffoldWorkflowTest","fixture(ScaffoldTemplate, ScaffoldCompiler)","289","32","test","[private]","0","0","True",,"","Screening only: length/depth/copy is not a refactoring mandate"
"taf-mcp-server/taf-mcp-tools","com.codinglair.taf.mcp.tools","taf-mcp-server/taf-mcp-tools/src/test/java/com/codinglair/taf/mcp/tools/WorkerWorkflowRunnerTest.java","WorkerWorkflowRunnerTest","resolvesSelectedWorkflow()","31","44","test","[]","0","0","True",,"","Screening only: length/depth/copy is not a refactoring mandate"
"taf-mcp-server/taf-mcp-transport-http","com.codinglair.taf.mcp.http","taf-mcp-server/taf-mcp-transport-http/src/main/java/com/codinglair/taf/mcp/http/HttpAdmissionFilter.java","HttpAdmissionFilter","doFilterInternal(HttpServletRequest, HttpServletResponse, FilterChain)","35","35","main","[protected]","7","3","True",,"KISS-076","Selected: see report scope and preservation checks"
"taf-mcp-server/taf-mcp-transport-http","com.codinglair.taf.mcp.http","taf-mcp-server/taf-mcp-transport-http/src/main/java/com/codinglair/taf/mcp/http/HttpScaffoldingTools.java","HttpScaffoldingTools","scaffold(HttpWorkflowRequest)","21","23","main","[public]","1","1","True",,"","Screening only: length/depth/copy is not a refactoring mandate"
"taf-mcp-server/taf-mcp-transport-http","com.codinglair.taf.mcp.http","taf-mcp-server/taf-mcp-transport-http/src/main/java/com/codinglair/taf/mcp/http/HttpWorkflowTools.java","HttpWorkflowTools","invoke(ToolOperation, HttpWorkflowRequest)","54","23","main","[private]","1","1","True",,"","Screening only: length/depth/copy is not a refactoring mandate"
"taf-mcp-server/taf-mcp-transport-http","com.codinglair.taf.mcp.http","taf-mcp-server/taf-mcp-transport-http/src/main/java/com/codinglair/taf/mcp/http/HttpWorkflowTools.java","HttpWorkflowTools","requiredCapability(Object)","104","13","main","[private, static]","1","1","False","COPY-004","","Screening only: length/depth/copy is not a refactoring mandate"
"taf-mcp-server/taf-mcp-transport-http","com.codinglair.taf.mcp.http","taf-mcp-server/taf-mcp-transport-http/src/main/java/com/codinglair/taf/mcp/http/KindReferencePromptConfiguration.java","KindReferencePromptConfiguration","kindReferencePromptReportService()","23","24","main","[]","0","0","True",,"","Screening only: length/depth/copy is not a refactoring mandate"
"taf-mcp-server/taf-mcp-transport-http","com.codinglair.taf.mcp.http","taf-mcp-server/taf-mcp-transport-http/src/main/java/com/codinglair/taf/mcp/http/TafMcpHttpAutoConfiguration.java","TafMcpHttpAutoConfiguration","tafMcpHttpSecurityFilterChain(HttpSecurity)","132","21","main","[]","0","0","True",,"","Screening only: length/depth/copy is not a refactoring mandate"
"taf-mcp-server/taf-mcp-transport-http","com.codinglair.taf.mcp.http","taf-mcp-server/taf-mcp-transport-http/src/test/java/com/codinglair/taf/mcp/http/HttpAdmissionFilterTest.java","HttpAdmissionFilterTest.RequestBounds","limitsConcurrentRequests()","72","38","test","[]","4","3","True",,"","Screening only: length/depth/copy is not a refactoring mandate"
"taf-mcp-server/taf-mcp-transport-http","com.codinglair.taf.mcp.http","taf-mcp-server/taf-mcp-transport-http/src/test/java/com/codinglair/taf/mcp/http/HttpExternalClientSmokeTest.java","HttpExternalClientSmokeTest","discoversPromptsOverAuthenticatedHttp()","38","49","test","[]","1","1","True",,"","Screening only: length/depth/copy is not a refactoring mandate"
"taf-mcp-server/taf-mcp-transport-http","com.codinglair.taf.mcp.http","taf-mcp-server/taf-mcp-transport-http/src/test/java/com/codinglair/taf/mcp/http/KeycloakOidcIntegrationTest.java","KeycloakOidcIntegrationTest","executesMcpWithRealKeycloakToken()","76","37","test","[]","1","1","True",,"","Screening only: length/depth/copy is not a refactoring mandate"
"taf-mcp-server/taf-mcp-transport-http","com.codinglair.taf.mcp.http","taf-mcp-server/taf-mcp-transport-http/src/test/java/com/codinglair/taf/mcp/http/KeycloakOidcIntegrationTest.java","KeycloakOidcIntegrationTest.AuthenticationShape","from(JwtAuthenticationToken)","198","24","test","[static]","3","3","True",,"","Screening only: length/depth/copy is not a refactoring mandate"
"taf-mcp-server/taf-mcp-transport-http","com.codinglair.taf.mcp.http","taf-mcp-server/taf-mcp-transport-http/src/test/java/com/codinglair/taf/mcp/http/KeycloakOidcIntegrationTest.java","KeycloakOidcIntegrationTest.AuthenticationShape","safeDescription()","223","24","test","[]","0","0","True",,"","Screening only: length/depth/copy is not a refactoring mandate"
"taf-mcp-server/taf-mcp-transport-http","com.codinglair.taf.mcp.http","taf-mcp-server/taf-mcp-transport-http/src/test/java/com/codinglair/taf/mcp/http/KindReferencePromptConfigurationTest.java","KindReferencePromptConfigurationTest","bindsScopedPrompts()","28","21","test","[]","0","0","True",,"","Screening only: length/depth/copy is not a refactoring mandate"
"taf-mcp-server/taf-mcp-transport-stdio","com.codinglair.taf.mcp.stdio","taf-mcp-server/taf-mcp-transport-stdio/src/main/java/com/codinglair/taf/mcp/stdio/StdioProtocolInput.java","StdioProtocolInput","nextValidFrame()","55","25","main","[private]","6","3","True",,"KISS-077","Selected: see report scope and preservation checks"
"taf-mcp-server/taf-mcp-transport-stdio","com.codinglair.taf.mcp.stdio","taf-mcp-server/taf-mcp-transport-stdio/src/main/java/com/codinglair/taf/mcp/stdio/StdioScaffoldingTools.java","StdioScaffoldingTools","scaffold(StdioWorkflowRequest)","22","25","main","[public]","1","1","True",,"","Screening only: length/depth/copy is not a refactoring mandate"
"taf-mcp-server/taf-mcp-transport-stdio","com.codinglair.taf.mcp.stdio","taf-mcp-server/taf-mcp-transport-stdio/src/main/java/com/codinglair/taf/mcp/stdio/StdioWorkflowTools.java","StdioWorkflowTools","invoke(ToolOperation, StdioWorkflowRequest)","51","27","main","[private]","2","1","True",,"","Screening only: length/depth/copy is not a refactoring mandate"
"taf-mcp-server/taf-mcp-transport-stdio","com.codinglair.taf.mcp.stdio","taf-mcp-server/taf-mcp-transport-stdio/src/main/java/com/codinglair/taf/mcp/stdio/StdioWorkflowTools.java","StdioWorkflowTools","requiredCapability(Object)","111","13","main","[private, static]","1","1","False","COPY-004","","Screening only: length/depth/copy is not a refactoring mandate"
"taf-mcp-server/taf-mcp-transport-stdio","com.codinglair.taf.mcp.stdio","taf-mcp-server/taf-mcp-transport-stdio/src/test/java/com/codinglair/taf/mcp/stdio/ExternalStdioTestServer.java","ExternalStdioTestServer","workflowTools(TafMcpStdioProperties, AuthorizationPolicyEngine, JobService, JobRepository, Clock, ResponseRedactor)","77","33","test","[]","3","3","True",,"","Screening only: length/depth/copy is not a refactoring mandate"
"taf-mcp-server/taf-mcp-transport-stdio","com.codinglair.taf.mcp.stdio","taf-mcp-server/taf-mcp-transport-stdio/src/test/java/com/codinglair/taf/mcp/stdio/ExternalStdioTestServer.java","ExternalStdioTestServer","reportRepository()","120","21","test","[private]","0","0","True",,"","Screening only: length/depth/copy is not a refactoring mandate"
"taf-mcp-server/taf-mcp-transport-stdio","com.codinglair.taf.mcp.stdio","taf-mcp-server/taf-mcp-transport-stdio/src/test/java/com/codinglair/taf/mcp/stdio/StdioAuthorizationTest.java","StdioAuthorizationTest","appliesSharedAuthorization()","30","46","test","[]","1","1","True",,"","Screening only: length/depth/copy is not a refactoring mandate"
"taf-mcp-server/taf-mcp-transport-stdio","com.codinglair.taf.mcp.stdio","taf-mcp-server/taf-mcp-transport-stdio/src/test/java/com/codinglair/taf/mcp/stdio/StdioExternalClientSmokeTest.java","StdioExternalClientSmokeTest","releaseWorkspaceAfterServerShutdown()","33","15","test","[]","3","3","False",,"","Screening only: length/depth/copy is not a refactoring mandate"
"taf-mcp-server/taf-mcp-transport-stdio","com.codinglair.taf.mcp.stdio","taf-mcp-server/taf-mcp-transport-stdio/src/test/java/com/codinglair/taf/mcp/stdio/StdioExternalClientSmokeTest.java","StdioExternalClientSmokeTest","exercisesRepresentativeClientFlow()","49","77","test","[]","3","3","True",,"","Screening only: length/depth/copy is not a refactoring mandate"
"taf-mcp-server/taf-mcp-transport-stdio","com.codinglair.taf.mcp.stdio","taf-mcp-server/taf-mcp-transport-stdio/src/test/java/com/codinglair/taf/mcp/stdio/StdioExternalClientSmokeTest.java","StdioExternalClientSmokeTest","survivesMalformedFrame()","127","49","test","[]","5","3","True",,"","Screening only: length/depth/copy is not a refactoring mandate"
"taf-mcp-server/taf-mcp-transport-stdio","com.codinglair.taf.mcp.stdio","taf-mcp-server/taf-mcp-transport-stdio/src/test/java/com/codinglair/taf/mcp/stdio/StdioShutdownCoordinatorTest.java","StdioShutdownCoordinatorTest","cancelsJobsAndExecutor()","32","50","test","[]","0","0","True",,"","Screening only: length/depth/copy is not a refactoring mandate"
